,0,1,2,3,4,5,6,7,8,9,10,11,12,13,14,15,16,17,18,19,20,21,22,23,24,25,26,label
Location: 0 - Direction: 0,-62.57142857,-68.33333333,-46.5,-58,-55.6,-64,-61.8,-78.16666667,-66,-69.75,-68.66666667,-76.16666667,-80,-77.33333333,-82.5,-87.5,-78.66666667,-87,-88.4,-88,-84.5,-86.66666667,-87,-84.66666667,-92,-94,-65.85714286,0
Location: 0 - Direction: 0,-61.25,-61.77777778,-47.27272727,-59.375,-54.75,-62.44444444,-60.2,-72.375,-65.16666667,-70.33333333,-69.85714286,-75.8,-82.5,-78,-77.71428571,-81.77777778,-79.45454545,-83,-85.7,-84.25,-83.5,-85.25,-85,-85.28571429,-92,-94,-70.57142857,0
Location: 0 - Direction: 0,-65.84615385,-67,-51.77777778,-62.8,-59.25,-67.88888889,-69,-69.75,-67.66666667,-73.6,-73.76923077,-75,-78.25,-81.375,-75.88888889,-89,-96,-86,-86.375,-83,-90,-88,-89.2,-87.85714286,-85.5,-94,-64.63636364,0
Location: 0 - Direction: 0,-73.15384615,-66.5,-58,-67.44444444,-59,-75.77777778,-71.75,-67.88888889,-70.625,-81.8,-75.83333333,-74.44444444,-79,-82.5,-76.77777778,-90.5,-93.5,-84.8,-90.25,-86.25,-91,-88.75,-90.57142857,-88.88888889,-85.2,-94,-63.11111111,0
Location: 0 - Direction: 0,-76.44444444,-66,-55.66666667,-66.76923077,-58.72727273,-73.55555556,-71.25,-67,-71.27272727,-81.55555556,-77.66666667,-74.33333333,-79.66666667,-82.11111111,-76.6,-85.5,-91.5,-85.36363636,-87,-86.55555556,-90.33333333,-88.41666667,-90,-88,-85.45454545,-92,-61.5,0
Location: 0 - Direction: 0,-64,-66.57142857,-56,-65.42857143,-57.83333333,-66.28571429,-74.2,-65.33333333,-72,-74.57142857,-76.5,-74.54545455,-76.16666667,-84.22222222,-78.4,-81.33333333,-89.66666667,-85.33333333,-87.33333333,-86.54545455,-90,-90,-87.5,-87.66666667,-86.42857143,-93,-61.75,0
Location: 0 - Direction: 0,-55.6,-56.71428571,-54.1,-66.57142857,-55.44444444,-62,-69.2,-60.11111111,-77.5,-69.25,-75.66666667,-73.33333333,-69.25,-85.5,-85.5,-76.875,-84,-90,-88.6,-91,-81,-88,-89.25,-94,-88,-93,-61,0
Location: 0 - Direction: 0,-55.63636364,-56.23076923,-53.125,-60,-55.90909091,-61.54545455,-73.5,-60.9,-77.4,-69.66666667,-73.875,-76.9,-70.25,-85.2,-77.88888889,-72.875,-85,-89.33333333,-88,-91,-82.42857143,-88,-88.42857143,-91.8,-93,-91.5,-61.55555556,0
Location: 0 - Direction: 0,-56.66666667,-62.3,-50.36363636,-62.4,-60.33333333,-64.21428571,-67.76923077,-63,-69.33333333,-69.625,-74.66666667,-74.5,-73.5,-85.33333333,-78.25,-75.625,-82,-86,-85.5,-79.66666667,-84.28571429,-86,-86.22222222,-89,-90.33333333,-91.5,-65.75,0
Location: 0 - Direction: 0,-73.8,-68.33333333,-49.57142857,-61.09090909,-72,-69.88888889,-61.14285714,-66.33333333,-69,-72.33333333,-68.71428571,-75.4,-76.8,-75,-73.25,-84,-78.8,-87.66666667,-87,-81.66666667,-86.2,-86.25,-87.75,-88.66666667,-92,-91.5,-63.33333333,0
Location: 0 - Direction: 0,-65.81818182,-69.875,-48.75,-60.45454545,-59.375,-65.33333333,-60.2,-66.66666667,-67.15384615,-72.22222222,-68,-75.375,-74.5,-76.75,-75.07692308,-86,-79,-86.2,-85,-81,-87.33333333,-86,-84.33333333,-88,-92,-91.5,-71,0
Location: 0 - Direction: 0,-68.66666667,-70.1,-51,-62.125,-59.66666667,-70.77777778,-67.28571429,-69,-69.2,-76.09090909,-68.28571429,-76.33333333,-85,-81.16666667,-74.33333333,-90,-80.16666667,-87,-87.33333333,-86.16666667,-91.4,-87.5,-85,-91,-88,-93,-69.2,0
Location: 0 - Direction: 0,-64.28571429,-72.625,-56.5,-65.42857143,-59.6,-74.9,-74,-66.14285714,-71,-80.5,-79.71428571,-74.5,-88.75,-82.33333333,-75,-91.66666667,-94,-87,-86.16666667,-92.85714286,-91.8,-88,-87.5,-90.66666667,-88.4,-93.2,-62.4,0
Location: 0 - Direction: 0,-69.42857143,-76.57142857,-55,-65,-59.625,-71.9,-74,-66.125,-70.58333333,-84.5,-77.36363636,-73.8,-79.8,-82.83333333,-75.66666667,-90.66666667,-97.5,-87,-86.16666667,-90.42857143,-93,-88.75,-88.14285714,-92.25,-90.4,-92.4,-62.44444444,0
Location: 0 - Direction: 0,-62.5,-66.2,-58.22222222,-67.66666667,-58.71428571,-70.4,-76.75,-64.33333333,-73.5,-81,-76.63636364,-74.16666667,-79.125,-81.5,-75.16666667,-80.6,-91.6,-88.5,-86.63636364,-88.42857143,-87.42857143,-90.25,-87.42857143,-93,-89,-93.25,-63.625,0
Location: 0 - Direction: 0,-55.66666667,-65.5,-62.16666667,-65.42857143,-56,-61.33333333,-72.2,-60.33333333,-80,-68,-76,-75.66666667,-71.16666667,-87,-79.8,-73.5,-83.25,-88.2,-86.66666667,-91.66666667,-83,-86.33333333,-88.8,-90,-89,-94,-67.45454545,0
Location: 0 - Direction: 0,-55.75,-66.09090909,-53.71428571,-65.92307692,-56.7,-62.54545455,-71.125,-61.5,-76.25,-68.66666667,-77.85714286,-75.88888889,-72.45454545,-82.8,-82.625,-73.375,-84,-90.66666667,-87.66666667,-89.5,-84.66666667,-86.77777778,-87.6,-90,-90.85714286,-94,-69.125,0
Location: 0 - Direction: 0,-57.76923077,-63.14285714,-52.46153846,-62.83333333,-57.42857143,-64.8,-70.25,-63,-82.5,-68.44444444,-72.77777778,-73,-72.9,-82.85714286,-80.28571429,-78.8,-80.75,-85.66666667,-86,-87.16666667,-83,-89,-86.66666667,-89,-89,-89,-67.76923077,0
Location: 0 - Direction: 0,-60.75,-61.5,-48.4,-60.66666667,-59.5,-64.5,-59.55555556,-71.375,-67.2,-69.1,-68,-72.66666667,-82.25,-77.8,-75.125,-88,-78,-83.85714286,-81.25,-78.75,-84.5,-84.66666667,-82.71428571,-86.6,-91.5,-88,-78,0
Location: 0 - Direction: 0,-65,-62.58333333,-47.83333333,-59.875,-63,-66.5,-59.36363636,-73.25,-66,-71.5,-68.4,-72.8,-76.33333333,-78.88888889,-75.375,-87.5,-77.25,-86,-80.81818182,-79.625,-85.25,-87.28571429,-82.11111111,-87.75,-83,-89,-63.08333333,0
Location: 0 - Direction: 0,-64.66666667,-63.33333333,-50.4,-62,-59.77777778,-66.16666667,-62.375,-72,-68.6,-73.54545455,-70.6,-74.25,-77.6,-81.16666667,-75.2,-84,-80.11111111,-86.5,-82.57142857,-81.75,-91.77777778,-88,-83.83333333,-90,-88,-92.5,-62.125,0
Location: 0 - Direction: 0,-62,-64.2,-59.55555556,-69,-63,-73.14285714,-78.25,-72.25,-75,-86.6,-79.8,-79.6,-81.5,-84.71428571,-80.4,-87.75,-89.16666667,-88,-91.5,-89.25,-92.25,-86,-92.42857143,-89.6,-88,-92.5,-67.77777778,0
Location: 0 - Direction: 0,-58.18181818,-69,-61.92857143,-72.33333333,-69.875,-71.38461538,-76.5,-74.125,-72.16666667,-85,-86.5,-81.83333333,-80.28571429,-85.8,-80.88888889,-78.25,-89.2,-88.5,-86,-89.25,-92.83333333,-94,-91.125,-90,-89.4,-93,-74.88888889,0
Location: 0 - Direction: 0,-57.125,-70,-60.6,-71.81818182,-65.8,-74.5,-75.4,-73,-76.57142857,-84.18181818,-83.33333333,-82.16666667,-80.15384615,-83.85714286,-75.66666667,-82,-88.55555556,-90.55555556,-84.77777778,-83,-90.84615385,-94,-92.85714286,-92.22222222,-87.33333333,-91.83333333,-73.07142857,0
Location: 0 - Direction: 0,-62.3,-66.71428571,-56.33333333,-69.9,-59.8,-65.25,-70.5,-63.16666667,-69,-80.42857143,-80.5,-85,-73,-89,-76,-81.125,-88,-91,-83.75,-84,-88.42857143,-94,-87.75,-101,-86.66666667,-91.83333333,-67.5,0
Location: 0 - Direction: 0,-60.28571429,-62.375,-59.5,-71.11111111,-63.55555556,-65,-69.7,-63.75,-68.125,-78,-75,-88.77777778,-74.375,-87.66666667,-75.125,-81.27272727,-87.375,-88,-83.88888889,-84,-88.5,-94,-87.5,-101,-86.85714286,-91.83333333,-68.72727273,0
Location: 0 - Direction: 0,-59.15384615,-61.7,-61.33333333,-68.55555556,-62.75,-64.83333333,-70.90909091,-65.22222222,-67.63636364,-80.71428571,-72.45454545,-91,-74.72727273,-89,-76.66666667,-80,-89.71428571,-90,-84.28571429,-85.14285714,-87.875,-90,-87,-88.33333333,-85.8,-91.83333333,-70.11111111,0
Location: 0 - Direction: 0,-53.14285714,-64.91666667,-56.66666667,-71.88888889,-55.75,-71,-70.90909091,-69.6,-65.42857143,-69.33333333,-77.33333333,-89,-71.57142857,-80.28571429,-78.33333333,-75.1,-88,-97,-85.4,-85.14285714,-85,-85,-89.66666667,-88,-92,-91.83333333,-67.5,0
Location: 0 - Direction: 0,-51,-66.71428571,-54.41666667,-62.8,-56.8,-67.27272727,-75.18181818,-74,-67.81818182,-68.44444444,-76.14285714,-83.71428571,-70.78571429,-79.57142857,-81.44444444,-74.85714286,-86,-97,-82.8,-89,-84.625,-87.42857143,-89.66666667,-88,-89,-91.83333333,-64.33333333,0
Location: 0 - Direction: 0,-50.28571429,-65,-54.5,-63.88888889,-58.9,-67,-74.33333333,-70.57142857,-68.3,-67.85714286,-71,-85.125,-70.875,-82.2,-84.42857143,-76,-88,-97,-82.16666667,-88.66666667,-89.75,-86.6,-89.66666667,-92,-89,-92,-62,0
Location: 0 - Direction: 0,-61.25,-72.5,-65.14285714,-72.83333333,-69.375,-72.16666667,-72.42857143,-75.83333333,-78,-81.5,-81,-78.5,-87,-88.33333333,-76.875,-89.5,-92.33333333,-88.57142857,-90.14285714,-96,-92.5,-86.6,-92.33333333,-92,-95,-92.75,-74.14285714,0
Location: 0 - Direction: 0,-62.07692308,-76.3,-66.25,-80.33333333,-65.46153846,-71,-70.5,-78,-79.5,-78.07692308,-78.875,-78.125,-86.33333333,-93,-76.625,-85.66666667,-93.5,-88.11111111,-89.11111111,-96,-94,-86.6,-91.875,-93.33333333,-94,-93,-80.88888889,0
Location: 0 - Direction: 0,-60.66666667,-71.25,-63.71428571,-73.7,-63.83333333,-78.75,-71,-74.81818182,-79.125,-76.6,-80.3,-78,-84.11111111,-93,-78.33333333,-85.33333333,-95,-88.33333333,-87.83333333,-91.5,-96,-86.6,-91.8,-97,-94,-95.5,-77.15384615,0
Location: 0 - Direction: 0,-64,-66,-60,-70.71428571,-62.5,-67.42857143,-70.83333333,-67.2,-68,-80.66666667,-75.25,-88.2,-71.25,-91.5,-82,-82,-93.5,-90,-83,-85.66666667,-89.5,-86.6,-87.5,-97,-89,-95.5,-73.28571429,0
Location: 0 - Direction: 0,-57.375,-62.14285714,-58,-63,-61.625,-63,-69.6,-65.55555556,-69,-84,-70.875,-86.2,-74.6,-87.4,-76.88888889,-82.5,-90,-90,-88,-84,-89,-86.6,-87.5,-97,-86.625,-95.5,-70.81818182,0
Location: 0 - Direction: 0,-56.6,-62.85714286,-58.16666667,-67.71428571,-60,-62.4,-68.33333333,-64,-67.25,-80.14285714,-70.44444444,-85.8,-74.55555556,-87.8,-75.57142857,-80.66666667,-88.4,-90,-86,-82.9,-89.375,-86.6,-97,-102,-87.41666667,-92.5,-71.58333333,0
Location: 0 - Direction: 0,-54.71428571,-63.85714286,-54.25,-62.5,-57.75,-72.75,-79.2,-71.5,-69,-70.2,-75.625,-88,-71,-80.8,-78.4,-75.5,-87,-90,-82.25,-87,-85.5,-87.6,-97,-88,-90.75,-98,-63.55555556,0
Location: 0 - Direction: 0,-53.5,-64.71428571,-55.5,-63.55555556,-57.5,-64.54545455,-81.625,-70.8,-67.57142857,-67.2,-80.75,-87,-68.83333333,-78.625,-77.28571429,-75.66666667,-84.16666667,-86.5,-82.33333333,-87.2,-83.71428571,-86,-97,-87.33333333,-90.75,-98,-62.4,0
Location: 0 - Direction: 0,-59.125,-63.15384615,-55,-64.5,-58.25,-66.2,-74.66666667,-67.125,-64.375,-67.71428571,-75.72727273,-87,-68.66666667,-79.16666667,-75.2,-75.375,-84.83333333,-86.5,-85,-97,-82.7,-86,-97,-87.33333333,-90.75,-98,-61.55555556,0
Location: 0 - Direction: 0,-58.75,-68.44444444,-59.6,-68.875,-64,-68.25,-71.28571429,-76.33333333,-73.5,-78.77777778,-83.33333333,-79.33333333,-75.5,-87.5,-82,-85,-86.75,-90.25,-83.3,-91,-87.5,-91.16666667,-89.16666667,-97,-90.75,-88.4,-64.2,0
Location: 0 - Direction: 0,-59.3,-70,-65.8,-72.9,-74.66666667,-72.16666667,-69.8,-86.16666667,-74.2,-81,-91,-78.85714286,-75.33333333,-88.25,-81.2,-85,-90.28571429,-90.42857143,-82.1,-85.7,-90.6,-93.66666667,-93.22222222,-94,-92.66666667,-90,-68.44444444,0
Location: 0 - Direction: 0,-57.07692308,-70.09090909,-64.33333333,-72.22222222,-72.6,-71.46153846,-70.14285714,-85,-74.33333333,-81.57142857,-92,-78,-74.81818182,-88.83333333,-81,-85,-91.8,-90,-81.875,-86.33333333,-91.22222222,-94,-90.88888889,-94,-92,-89.33333333,-70.16666667,0
Location: 0 - Direction: 0,-58,-64.66666667,-60.75,-73.66666667,-66.5,-67.8,-72.25,-62.75,-69.14285714,-78.42857143,-75,-83.5,-77.85714286,-91.6,-81,-79.33333333,-89.2,-95.5,-84.75,-85,-90.71428571,-95.66666667,-89.4,-95,-88,-89.5,-65.16666667,0
Location: 0 - Direction: 0,-61,-64.9,-61.625,-74.5,-69.71428571,-66.71428571,-69.125,-64.6,-68.4,-78.16666667,-75.71428571,-82.25,-75.88888889,-87.8,-78,-82.5,-90.5,-90.85714286,-83.8,-82.16666667,-89,-93.25,-91.57142857,-91.75,-86,-93,-67.85714286,0
Location: 0 - Direction: 0,-59.90909091,-66.14285714,-60.875,-74.4,-65,-65.66666667,-68.66666667,-63.27272727,-67.88888889,-77.11111111,-72.4,-87.33333333,-73.22222222,-85.42857143,-79.16666667,-78.375,-87.8,-90.5,-83,-84.36363636,-90.6,-99,-90,-91.75,-86.55555556,-93,-71.16666667,0
Location: 0 - Direction: 0,-56.28571429,-65.6,-58.6,-65.6,-60.57142857,-66.11111111,-73.5,-67.2,-66,-69.16666667,-75,-89.75,-71.8,-83.16666667,-80.28571429,-76.4,-81.66666667,-90.5,-83.25,-85.66666667,-87.5,-99,-92,-87,-87,-97,-75.2,0
Location: 0 - Direction: 0,-52.6,-70,-58.75,-67.5,-57,-68.83333333,-78,-70.5,-65.6,-69.2,-76.4,-86.5,-69.25,-82.5,-81,-77.33333333,-80.75,-87,-82,-88.8,-86,-86.5,-92,-87,-87,-96,-68,0
Location: 0 - Direction: 0,-51.2,-70.25,-57.36363636,-61.875,-57.42857143,-64.71428571,-74.88888889,-71,-64.66666667,-68.6,-74.25,-87.2,-69,-81.25,-82.33333333,-75,-79.33333333,-89,-83.85714286,-93,-85.88888889,-88.66666667,-88.5,-90,-92,-96,-68.25,0
Location: 0 - Direction: 0,-70.42857143,-68.3,-60.88888889,-66.875,-65.85714286,-72.54545455,-73.25,-71.6,-71.42857143,-72.83333333,-76.5,-86,-80.14285714,-89,-78.5,-83.5,-82.25,-89.66666667,-86.6,-93.5,-90,-88.66666667,-94,-90,-90,-90.83333333,-67.6,0
Location: 0 - Direction: 0,-83.66666667,-69.8,-62.75,-69.71428571,-75,-74.11111111,-71,-72.66666667,-77,-76.6,-82,-84.6,-86.8,-90.5,-77.42857143,-87.33333333,-85.875,-90,-86,-93.5,-98,-88.66666667,-92.75,-90.625,-90.25,-91.57142857,-71.125,0
Location: 0 - Direction: 0,-75.625,-69.875,-65,-71.4,-80.33333333,-75.22222222,-70.71428571,-72,-75.14285714,-76.16666667,-82.57142857,-82,-82.16666667,-91,-78,-90.2,-86.14285714,-88,-88.33333333,-93.5,-95,-88.66666667,-93,-90.6,-89.75,-89.5,-71,0
Location: 0 - Direction: 0,-62.66666667,-66.4,-64,-73.5,-68.85714286,-70.42857143,-69.5,-67.33333333,-71.5,-77.6,-77.88888889,-82,-74.4,-88,-77.5,-77,-86,-88.5,-84,-92.5,-89,-88.66666667,-89.2,-92.4,-89,-89.33333333,-71,0
Location: 0 - Direction: 0,-61.125,-62,-57,-76,-62.33333333,-65.85714286,-68.5,-65.36363636,-67.22222222,-80,-73,-78.85714286,-72.66666667,-91.33333333,-77.16666667,-77,-85.66666667,-88.5,-84.8,-84,-86.14285714,-88.5,-88.75,-92.4,-87.4,-106,-68.25,0
Location: 0 - Direction: 0,-56.5,-63.83333333,-57,-77.25,-62.4,-66.66666667,-69.33333333,-65.6,-68.2,-78.75,-74.25,-79.8,-73.66666667,-90.5,-77.33333333,-77.42857143,-84.66666667,-88.5,-83.6,-85,-86.14285714,-88.33333333,-88.5,-92.4,-87,-106,-74.75,0
Location: 0 - Direction: 0,-53.14285714,-66,-57.6,-71.33333333,-59.25,-66,-70.42857143,-68.27272727,-67.33333333,-72.125,-73.33333333,-82.4,-69.5,-87.5,-75.66666667,-75.33333333,-83.16666667,-88.5,-84.5,-88,-87.5,-88,-88.66666667,-88,-88,-100,-78,0
Location: 0 - Direction: 0,-52.55555556,-67,-56.625,-70.66666667,-57.33333333,-67.57142857,-72.85714286,-68.33333333,-65.4,-68.66666667,-69.16666667,-85.5,-68.4,-84.33333333,-75.25,-74.5,-79.16666667,-89.5,-84.83333333,-96.66666667,-89,-87.5,-85.71428571,-88,-88,-100,-63.625,0
Location: 0 - Direction: 0,-51.77777778,-67.33333333,-56.33333333,-71.25,-57.8,-66.8,-73,-68.7,-66,-68.25,-69.28571429,-85.5,-69,-84.375,-76,-74.4,-79.36363636,-89.5,-85.375,-96.66666667,-89,-88,-89,-88.4,-88,-100,-64.5,0
Location: 0 - Direction: 0,-59.36363636,-74.55555556,-63.8,-70.3,-70.77777778,-69.75,-71.28571429,-71.14285714,-67.5,-70.77777778,-75.57142857,-84.66666667,-73.9,-86.5,-76.5,-83.85714286,-83.75,-87.33333333,-87,-96.66666667,-92.875,-99,-90,-90.14285714,-90,-90,-72.36363636,0
Location: 0 - Direction: 0,-66.66666667,-79.4,-69,-71.83333333,-85.28571429,-74.77777778,-70.85714286,-73.6,-74.75,-76.25,-82.85714286,-83.8,-81.375,-90,-77.8,-83.85714286,-87.25,-88,-88.4,-101,-95,-95.5,-90,-91.66666667,-87,-90,-75,0
Location: 0 - Direction: 0,-69.8,-80.33333333,-67.09090909,-71.55555556,-76,-75.64285714,-70.55555556,-72.18181818,-74.8,-76.8,-83,-83.625,-82.85714286,-89.8,-77.4,-90.5,-87.2,-87.88888889,-86.2,-101,-96.4,-96.5,-92.66666667,-91.18181818,-87.83333333,-89.42857143,-71,0
Location: 0 - Direction: 0,-61.75,-66,-63.71428571,-72.66666667,-67.75,-71.5,-70.2,-69.5,-71,-77,-75.83333333,-83.25,-79.5,-90.5,-76.4,-82.14285714,-87.2,-93.2,-85.77777778,-101,-88.5,-93.4,-91.83333333,-91.16666667,-87.875,-90.83333333,-77.22222222,0
Location: 0 - Direction: 0,-57,-63.28571429,-57.54545455,-80.42857143,-63.57142857,-69.33333333,-69,-67,-68,-78,-72.66666667,-80.5,-72,-91.66666667,-75.88888889,-77.16666667,-86.16666667,-93.2,-85,-84,-85.33333333,-88.8,-89.4,-91.16666667,-86.66666667,-90.83333333,-80.125,0
Location: 0 - Direction: 0,-55.3,-65.8,-57.2,-76.5,-62.8,-66.92307692,-69.09090909,-66.36363636,-68.125,-78.5,-72.90909091,-80.71428571,-72.83333333,-87,-75,-77.5,-86.42857143,-93.2,-83.57142857,-84.875,-85.66666667,-88.2,-90,-91.16666667,-87.71428571,-90.83333333,-76,0
Location: 0 - Direction: 0,-53.875,-66.5,-57.8,-74.4,-61.11111111,-66,-72.71428571,-67.4,-67.57142857,-68,-71.8,-80.71428571,-73,-86.33333333,-75.125,-77,-86.25,-87.5,-83.42857143,-83.5,-87,-89.33333333,-90.33333333,-88,-88.14285714,-90.83333333,-73.125,0
Location: 0 - Direction: 0,-50.66666667,-67.33333333,-58,-71.5,-61.11111111,-66,-75,-69.5,-66,-68,-70,-91,-67.5,-84,-74.5,-74,-79.5,-87.5,-86,-94,-86.5,-89.33333333,-87.5,-88,-88.14285714,-90.83333333,-66,0
Location: 0 - Direction: 0,-50,-67.66666667,-57.21428571,-74.125,-57,-65.1,-75.75,-70.2,-66.16666667,-68,-70.375,-87,-67.8,-84,-75.28571429,-73,-79.25,-86,-83.5,-94,-86.66666667,-89.33333333,-88,-88,-91,-90.83333333,-67.72727273,0
Location: 0 - Direction: 0,-60.5,-70.66666667,-63.85714286,-71.5,-71.2,-75.33333333,-72.5,-71.5,-68.85714286,-70,-71,-82,-75.2,-94,-76,-78.33333333,-84.8,-88,-84.33333333,-94,-94.66666667,-95,-88,-88,-91.5,-91,-70.75,0
Location: 0 - Direction: 0,-64.25,-77.16666667,-68.77777778,-74.28571429,-80,-78.5,-70.625,-73,-75.33333333,-77.16666667,-82.25,-84.14285714,-81,-91,-77.71428571,-91.5,-86,-88.5,-85.75,-97.33333333,-96.75,-96.66666667,-94,-90,-92,-90.4,-74,0
Location: 0 - Direction: 0,-62.16666667,-80.83333333,-74.33333333,-74.5,-77.85714286,-78.75,-71.33333333,-73.71428571,-75,-76.33333333,-81,-83,-80,-88.57142857,-79,-89.4,-84.55555556,-88,-85.75,-97.33333333,-94.75,-95,-97,-90.16666667,-91.5,-90,-73.33333333,0
Location: 0 - Direction: 0,-56.88888889,-79.66666667,-71.55555556,-72.22222222,-79.2,-80.57142857,-71.57142857,-74.25,-73.14285714,-77,-80.5,-84,-81.42857143,-87,-76.33333333,-89.5,-85.33333333,-88.8,-86.5,-97.33333333,-88.5,-95,-93.6,-90.71428571,-89.125,-91.875,-74.33333333,0
Location: 0 - Direction: 0,-53.66666667,-67.1,-58.16666667,-70,-62.22222222,-65,-70.25,-68.875,-68.4,-77.66666667,-74.14285714,-77.4,-74.33333333,-91.5,-76.4,-77.8,-85.6,-93,-86.16666667,-84.4,-83.8,-87.75,-91,-89,-88.2,-100,-73.5,0
Location: 0 - Direction: 0,-54.45454545,-65.15384615,-57.90909091,-71.14285714,-61.57142857,-68.35714286,-70,-68.71428571,-67.125,-76.83333333,-75.5,-77.4,-75.27272727,-87.25,-77.28571429,-78.28571429,-88,-93,-86.85714286,-85.77777778,-84.8,-88,-93,-90.75,-88.85714286,-100,-80.61538462,0
Location: 0 - Direction: 0,-56.25,-64.57142857,-57.44444444,-69.25,-61.66666667,-67,-71.71428571,-65,-68,-73.33333333,-75,-76.2,-74.4,-83,-78,-80,-88,-93,-88.5,-85.9,-84.83333333,-88,-93,-91.5,-89.66666667,-100,-75,0
Location: 0 - Direction: 0,-52.66666667,-64.57142857,-54.33333333,-64,-56.75,-67.75,-79.5,-70.6,-66.75,-68.5,-70,-76.2,-69,-83.66666667,-76.2,-73,-80.14285714,-93,-88,-94,-85,-88,-86.66666667,-91.5,-92,-100,-68,0
Location: 0 - Direction: 0,-52.42857143,-72.16666667,-56.88888889,-64.8,-57.33333333,-66.2,-74.55555556,-71,-67.77777778,-67,-70.16666667,-94,-68.5,-86.33333333,-76.75,-71.5,-79.375,-93,-85.66666667,-94,-85.25,-89.33333333,-86.55555556,-87,-92,-100,-65,0
Location: 0 - Direction: 0,-51,-70.625,-58,-68.1,-59.6,-66.3,-73.66666667,-72,-69.28571429,-67,-70.75,-86,-68,-85.22222222,-77,-71.8,-80.66666667,-87.25,-85.33333333,-94,-85.85714286,-96,-87.5,-87.33333333,-92,-100,-64.5,0
Location: 0 - Direction: 0,-68.33333333,-76,-74,-75.33333333,-87,-78,-72,-72.75,-73,-77,-87.5,-82.5,-81,-85.5,-77.75,-86,-84.8,-87.75,-88.28571429,-94,-96,-96,-96,-87.33333333,-89,-100,-71,0
Location: 0 - Direction: 0,-61.75,-80.2,-69.75,-72.7,-84.7,-73.25,-71.9,-74.84615385,-75.28571429,-77.42857143,-85.83333333,-82.66666667,-82.06666667,-81.75,-77.69230769,-88.11111111,-85.2,-87.83333333,-86.85714286,-94,-93.81818182,-96,-96,-89.125,-88.3,-90.16666667,-69.11111111,0
Location: 0 - Direction: 0,-61.2,-78,-70,-71.18181818,-73.85714286,-70.7,-71.25,-74.14285714,-75.42857143,-77.55555556,-86.4,-83,-83.21428571,-84.2,-77.1,-86.375,-89.57142857,-90,-88,-94,-92.07142857,-95,-94,-89,-89.25,-92.25,-70.55555556,0
Location: 0 - Direction: 0,-66.75,-66.83333333,-55.9,-71.25,-64.25,-68.16666667,-68.5,-64.125,-68.66666667,-80.75,-82,-80.4,-72.66666667,-86.125,-80,-84.5,-87.66666667,-90,-83,-86.25,-84.55555556,-88,-86.5,-99,-88,-83.33333333,-69.5,0
Location: 0 - Direction: 0,-55.64285714,-70.83333333,-56,-74.33333333,-64.7,-78.75,-70.14285714,-65.57142857,-73.875,-87,-75.85714286,-81.2,-78,-90,-77.1,-84,-90.25,-90,-83,-84.33333333,-83.8,-88,-90.5,-91,-88,-83.33333333,-71.88888889,0
Location: 0 - Direction: 0,-53.58333333,-71.11111111,-54.66666667,-68.5,-59.63636364,-70.375,-68.5,-62.75,-74,-90,-73.83333333,-79.8,-72.22222222,-87,-76.22222222,-80.90909091,-91.125,-89.8,-83,-81.875,-85.33333333,-89,-85.83333333,-93,-87.66666667,-83.33333333,-75.23076923,0
Location: 0 - Direction: 0,-55.8,-66.875,-57.44444444,-58.55555556,-55.76923077,-71.5,-71.71428571,-69.33333333,-66.25,-69.57142857,-71,-84,-75.66666667,-86.66666667,-77.6,-75.3,-81.71428571,-84.25,-83,-89.5,-84.66666667,-96.33333333,-91.5,-87,-92.33333333,-94,-70.5,0
Location: 0 - Direction: 0,-57.77777778,-68.14285714,-59,-58,-55,-68.4,-70.75,-72,-65.25,-70.57142857,-75,-83.33333333,-80.2,-82.8,-75.66666667,-75,-82.14285714,-83,-83.375,-89.5,-84,-96.33333333,-90,-86.5,-89,-94,-66.33333333,0
Location: 0 - Direction: 0,-55,-72.75,-59.3,-59.5,-56.25,-67.66666667,-71.44444444,-69.85714286,-67.11111111,-70,-75.33333333,-83.16666667,-76,-85.33333333,-75,-75.875,-78.8,-85.14285714,-82.6,-88.25,-85.66666667,-89.5,-86.66666667,-87.5,-89,-94,-64.5,0
Location: 0 - Direction: 0,-60.8,-74,-67.28571429,-70.4,-72.75,-69.1,-71,-82,-75.75,-82.6,-87.4,-80.58333333,-82.4,-79.8,-76,-89.5,-92,-94.25,-89.14285714,-92,-91.16666667,-93,-92.5,-92.25,-89,-92.14285714,-72.88888889,0
Location: 0 - Direction: 0,-61.18181818,-71.54545455,-65.72727273,-70,-69.8,-69.66666667,-72.57142857,-86.25,-77.88888889,-80.8,-89.5,-80.75,-83.5,-78.44444444,-76.2,-88,-92.66666667,-92.25,-86.7,-92,-91.8,-97,-92.5,-92.5,-89,-91.33333333,-74.07692308,0
Location: 0 - Direction: 0,-62.16666667,-72.91666667,-64.09090909,-72.28571429,-68.71428571,-71.8,-73.16666667,-84.27272727,-78.16666667,-81.33333333,-89.71428571,-80.25,-85,-79.6,-75.83333333,-84.33333333,-93,-92,-86.25,-92,-91.85714286,-94,-92,-95.5,-92,-92.375,-71.125,0
Location: 0 - Direction: 0,-58.7,-71.11111111,-58.125,-78.5,-62.625,-69.5,-68.1,-64.5,-69.14285714,-83,-72.5,-76.57142857,-71.8,-84.22222222,-75.875,-81.28571429,-91,-89.2,-86,-84.8,-83.44444444,-94,-90,-95.5,-84.625,-92.375,-64.4,0
Location: 0 - Direction: 0,-59.81818182,-71.66666667,-56.27272727,-73.88888889,-60.2,-66.6,-66.75,-63.25,-68.33333333,-84.625,-74,-76.27272727,-72,-89.25,-75.81818182,-82.53846154,-89,-89,-86,-84.66666667,-80.7,-94,-91,-95.5,-84.66666667,-91.75,-67.66666667,0
Location: 0 - Direction: 0,-56.33333333,-76.4,-55.25,-77.14285714,-58,-66.54545455,-66.7,-64.625,-69.33333333,-84.4,-74.16666667,-75.75,-72.25,-83.83333333,-75.85714286,-81.33333333,-90.5,-88.14285714,-88,-86,-82.33333333,-90,-91.33333333,-95.5,-83,-90.72727273,-62.16666667,0
Location: 0 - Direction: 0,-57.14285714,-69,-62.125,-61.8,-56,-62.8,-71.66666667,-79.625,-69.42857143,-73.57142857,-73.4,-81,-68.8,-84,-71.5,-71.85714286,-77.66666667,-83.16666667,-80.28571429,-90.5,-84.5,-88,-91.33333333,-87,-88,-91,-59.875,0
Location: 0 - Direction: 0,-57.42857143,-67.75,-60.69230769,-61.3,-55.33333333,-63.9,-73.81818182,-79.16666667,-68.4,-71.2,-74,-85.75,-69.57142857,-84.4,-70.71428571,-72,-79.57142857,-83.5,-80.33333333,-90.5,-84.75,-86.66666667,-91.33333333,-86.16666667,-90,-91,-63,0
Location: 0 - Direction: 0,-58.6,-68.2,-59.6,-61.1,-55.42857143,-64.33333333,-72.4,-77.25,-67.4,-71.55555556,-76.2,-83.83333333,-70.85714286,-86,-70.875,-71.9,-80,-84.25,-78.28571429,-90.5,-83.6,-87,-91.33333333,-87.6,-90,-91,-60.2,0
Location: 0 - Direction: 0,-60.75,-67.9,-61.75,-70.11111111,-65.33333333,-70.5,-72.4,-81.72727273,-79,-78.9,-83.875,-82,-81.25,-76.71428571,-75,-86.91666667,-88,-95,-86.42857143,-95,-91.85714286,-90.33333333,-91.66666667,-89,-92,-94.75,-73.14285714,0
Location: 0 - Direction: 0,-68,-67.9,-61.7,-70.5,-68.44444444,-73.55555556,-72.75,-86.33333333,-82.4,-80.1,-88.6,-80,-79.28571429,-77.14285714,-75.44444444,-88.375,-90.83333333,-95.5,-86.4,-95,-93.5,-94,-92.28571429,-89,-91.75,-93,-74.28571429,0
Location: 0 - Direction: 0,-67.72727273,-66.27272727,-60.54545455,-68.8,-68.16666667,-74.22222222,-71.5,-87.625,-83.2,-79.875,-90.33333333,-80,-78.875,-77.5,-75.33333333,-87.33333333,-90,-95.5,-87,-96,-93.88888889,-94,-93,-89,-92.30769231,-93.66666667,-73.5,0
Location: 0 - Direction: 0,-59.88888889,-74.25,-57.1,-76,-61.22222222,-67.875,-68.6,-69.8,-73,-83.2,-76.88888889,-79.2,-72.625,-80.66666667,-75.5,-85.625,-90,-86.16666667,-86,-83,-80.5,-90.25,-92,-89,-83.8,-90.75,-70.25,0
Location: 0 - Direction: 0,-58.2,-74.5,-55.2,-78.5,-59.66666667,-67.66666667,-66.2,-64,-67.5,-82,-74,-77.28571429,-71.5,-83,-74,-83.5,-94,-86.4,-86,-83.75,-81,-90.25,-92,-100,-83.5,-89.66666667,-66.75,0
Location: 0 - Direction: 1,-62.08333333,-56.5,-55,-60.1,-65.11111111,-64.41666667,-69.69230769,-73.42857143,-81.33333333,-92.5,-79.57142857,-87.25,-84.5,-84,-79.85714286,-87,-89.83333333,-87.44444444,-86.125,-88.33333333,-90.22222222,-88,-91,-83.16666667,-87.5,-93,NaN,1
Location: 0 - Direction: 1,-61.66666667,-56,-54.83333333,-60,-65.88888889,-66.625,-70.09090909,-72.57142857,-86.5,-93,-78.33333333,-90.5,-81,-84.33333333,-75.85714286,-92.66666667,-92,-87.4,-87,-88.11111111,-87.83333333,-88,-90.5,-83.16666667,-88,-92.16666667,NaN,1
Location: 0 - Direction: 1,-62,-56.2,-55,-59.88888889,-65.28571429,-64.6,-70.27272727,-74.08333333,-83.54545455,-91.4,-79,-88.5,-81.75,-84.83333333,-79.25,-96.33333333,-93,-86.92307692,-85.8,-88.6,-87.42857143,-92.66666667,-89.8,-83.16666667,-86.42857143,-91.4,NaN,1
Location: 0 - Direction: 1,-51.25,-51.1,-59,-64,-62.57142857,-69.2,-71.11111111,-66.75,-72.5,-82.7,-79.66666667,-78.6,-80.66666667,-80.16666667,-75.85714286,-81.66666667,-88.66666667,-86,-85.66666667,-88,-95,-92.66666667,-82.125,-91,-86.8,-89.66666667,NaN,1
Location: 0 - Direction: 1,-48.11111111,-50.66666667,-58.18181818,-60.66666667,-62.66666667,-69.375,-71.44444444,-65.63636364,-69.71428571,-82.85714286,-81.55555556,-78,-82.5,-80.14285714,-76,-81,-88,-86,-84.6,-93,-95,-92.66666667,-81.14285714,-90.33333333,-85.33333333,-88.63636364,NaN,1
Location: 0 - Direction: 1,-48,-50.16666667,-58.5,-61,-63.875,-69,-71.83333333,-65.5,-69.25,-81,-82.33333333,-77.83333333,-83.33333333,-79.25,-74.25,-81.6,-87.66666667,-95.33333333,-84.33333333,-93,-95,-92.66666667,-80.83333333,-91.4,-86,-89,NaN,1
Location: 0 - Direction: 1,-46.28571429,-46.44444444,-51.28571429,-65.8,-69.875,-66.375,-69,-63.5,-66.4,-78,-76.25,-74.75,-68,-75.75,-77.6,-80.11111111,-83.4,-84.41666667,-80.8,-86.4,-82,-96,-85.90909091,-86.5,-86,-87.125,NaN,1
Location: 0 - Direction: 1,-46.375,-46,-52.14285714,-67.81818182,-73,-64.1,-67.85714286,-64.625,-67.71428571,-74,-75,-74.5,-69,-74.8,-79,-80.28571429,-81.625,-85.125,-80.2,-84.71428571,-84.14285714,-96,-85.11111111,-86.33333333,-84.33333333,-87.5,NaN,1
Location: 0 - Direction: 1,-46.38461538,-46.33333333,-52,-67,-68,-66,-68.27272727,-64.55555556,-66.75,-72.4,-74,-73.2,-68.4,-74.375,-78,-79.2,-82.9,-86.5,-81.75,-86.2,-81.25,-90,-83.125,-86,-85,-87.8,NaN,1
Location: 0 - Direction: 1,-57.125,-56.54545455,-56.83333333,-62.1,-68.125,-66.5,-70.88888889,-72.27272727,-76,-87.71428571,-75.2,-84.28571429,-80.4,-79.25,-82.6,-86.5,-85.1,-86,-84.71428571,-89.66666667,-85.75,-94.5,-87,-86,-86.66666667,-91.90909091,NaN,1
Location: 0 - Direction: 1,-58.54545455,-56.14285714,-57.9,-61.625,-66,-65,-71,-74,-81.2,-96,-76.125,-82.42857143,-88.75,-85.66666667,-86.125,-92.5,-88,-86,-87.33333333,-89,-90,-93.33333333,-87,-86,-89.2,-92.4,NaN,1
Location: 0 - Direction: 1,-56.72727273,-57,-59.4,-61.90909091,-64.66666667,-63.81818182,-70.90909091,-77.5,-79.28571429,-93.625,-76.5,-83.8,-87.66666667,-83.2,-87.22222222,-103,-86.88888889,-85.8,-85.28571429,-88.75,-88.57142857,-95.33333333,-89.44444444,-86,-87.5,-92.66666667,NaN,1
Location: 0 - Direction: 1,-50.54545455,-53.91666667,-66.54545455,-60.66666667,-64.1,-69.25,-72.33333333,-70.7,-75.16666667,-85,-79.83333333,-80.71428571,-76.66666667,-84.83333333,-75.66666667,-83.14285714,-87.33333333,-93.66666667,-87.5,-88.5,-89.5,-96,-83.46153846,-86,-89.25,-92,NaN,1
Location: 0 - Direction: 1,-48.375,-49.88888889,-67.88888889,-58.85714286,-67.18181818,-70.8,-71.25,-67.16666667,-73.25,-79.83333333,-79.63636364,-77.75,-84.75,-89.33333333,-73.5,-84.42857143,-87,-91,-87.5,-88.5,-93,-96,-80.2,-94,-90.16666667,-89,NaN,1
Location: 0 - Direction: 1,-48,-50.33333333,-66.4,-60,-62.5,-69.23076923,-71.33333333,-67.5,-72.14285714,-80.6,-80,-77.11111111,-84.44444444,-88,-73.08333333,-85.3,-86.72727273,-91,-87.5,-88.5,-91.28571429,-96,-79.90909091,-91.66666667,-90.25,-88.53846154,NaN,1
Location: 0 - Direction: 1,-47.8,-47.83333333,-58,-63.6,-60.66666667,-66.5,-69.4,-63.33333333,-69.33333333,-79.33333333,-77.28571429,-71,-72.28571429,-75,-77.75,-83.8,-84.66666667,-89.66666667,-81,-85,-84.4,-94,-82.8,-94,-86,-87,NaN,1
Location: 0 - Direction: 1,-47.92307692,-46,-52.63636364,-68,-62.33333333,-64.125,-71.16666667,-62.5,-67.125,-74.93333333,-76.88888889,-71.27272727,-67.85714286,-73.83333333,-76.5,-81.4,-83.71428571,-86.16666667,-83,-86.5,-81.3,-89.33333333,-86.625,-88,-87.5,-87,NaN,1
Location: 0 - Direction: 1,-47.5,-46,-52.83333333,-69.5,-62.3,-63.3,-70.77777778,-63,-67,-73.85714286,-78,-71.42857143,-67.81818182,-74,-77.7,-81,-83.2,-87.25,-80.42857143,-87,-81.5,-89,-86.2,-87.85714286,-87.5,-90,NaN,1
Location: 0 - Direction: 1,-55.08333333,-55.23076923,-54,-64,-65.18181818,-63.81818182,-72.85714286,-70.2,-74.63636364,-78.25,-75.71428571,-78.66666667,-76.57142857,-79.14285714,-85.2,-90,-85.9,-86.5,-81.71428571,-87.11111111,-87,-89.8,-88,-92.5,-89.33333333,-92,NaN,1
Location: 0 - Direction: 1,-58.85714286,-58,-54.28571429,-60.42857143,-64.4,-65.33333333,-71.8,-71,-78.5,-83,-76.28571429,-83.16666667,-89.5,-82.16666667,-90.16666667,-88.85714286,-87.16666667,-85.75,-83,-89.5,-88.5,-92.8,-90.28571429,-92.5,-88,-90.5,NaN,1
Location: 0 - Direction: 1,-58.88888889,-58.11111111,-54.14285714,-60.2,-64.625,-64.75,-72.22222222,-72.25,-79.09090909,-84.625,-76.625,-82.9,-90.83333333,-83.125,-87.81818182,-88,-87.54545455,-86,-84.71428571,-90.09090909,-87.8,-94,-90.5,-96.5,-88.71428571,-90.2,NaN,1
Location: 0 - Direction: 1,-55.22222222,-53.8,-57.14285714,-59.85714286,-64.71428571,-67.75,-73.6,-70.22222222,-79,-82,-77.5,-81,-81,-84,-79.125,-91,-86.8,-86.5,-85,-91.4,-89,-95,-84,-96,-91,-89.5,NaN,1
Location: 0 - Direction: 1,-48.09090909,-49.9,-65.85714286,-60.66666667,-63.33333333,-68.16666667,-75.27272727,-65.75,-71.5,-86.25,-84.63636364,-79.625,-75.6,-87.2,-72.42857143,-85.77777778,-86.11111111,-86.5,-86,-91.4,-88,-95,-81,-96,-89.5,-88,NaN,1
Location: 0 - Direction: 1,-48,-53.23076923,-66.5,-61.1,-62.66666667,-70.375,-73.16666667,-66.16666667,-71.3,-81.25,-84.16666667,-77.28571429,-77.75,-86.5,-72.81818182,-83.5,-87.83333333,-86.5,-86,-91.4,-92,-95,-81.2,-91.5,-89.85714286,-88.2,NaN,1
Location: 0 - Direction: 1,-47.66666667,-47.875,-58.14285714,-62.25,-63.875,-64.6,-70.5,-64.33333333,-68.625,-77,-77.66666667,-76,-72.5,-84.25,-75.09090909,-81.28571429,-84.125,-86,-83.5,-83.85714286,-84.66666667,-89,-84.8,-89,-85.85714286,-88.25,NaN,1
Location: 0 - Direction: 1,-48,-46.91666667,-54,-70.90909091,-64.6,-63.625,-69.71428571,-62.33333333,-67.85714286,-74.57142857,-75.75,-72.3,-68.33333333,-75.07692308,-76,-79,-83.75,-86.8,-81.57142857,-85.16666667,-82,-91.5,-86,-87,-86.14285714,-88.25,NaN,1
Location: 0 - Direction: 1,-47.72727273,-46.66666667,-54.22222222,-70.25,-68.85714286,-66.5,-69.66666667,-61.83333333,-67.88888889,-74.2,-75.09090909,-71.33333333,-68.3,-75.5,-76,-79.375,-84.2,-86,-82,-85,-81.85714286,-91.5,-87,-88.5,-85.8,-92,NaN,1
Location: 0 - Direction: 1,-53.9,-50.69230769,-53.85714286,-64.21428571,-64.27272727,-66,-69.71428571,-70.33333333,-75.5,-79.625,-78.2,-75,-72.6,-80.33333333,-83.5,-87.33333333,-85.4,-87.6,-84.4,-85.8,-83.91666667,-96,-88.33333333,-93.66666667,-87,-92.2,NaN,1
Location: 0 - Direction: 1,-59.44444444,-58.76923077,-54.71428571,-60.8,-64.22222222,-64.28571429,-72.4,-77.875,-80.16666667,-89.33333333,-80.2,-81.6,-87.14285714,-85,-87.66666667,-89.25,-87.33333333,-87.5,-86.07692308,-89.66666667,-87.66666667,-94,-90.5,-93.66666667,-91.2,-92.66666667,NaN,1
Location: 0 - Direction: 1,-58.4,-58,-54.28571429,-60.6,-65,-64.2,-71.71428571,-77.5,-80.75,-90,-76,-83.4,-87.6,-82.6,-84.66666667,-90.6,-85.71428571,-88.33333333,-85.5,-90,-88,-95,-93.33333333,-93.66666667,-90,-92.57142857,NaN,1
Location: 0 - Direction: 1,-54.42857143,-54.42857143,-60.7,-60.27272727,-63.14285714,-66,-72.66666667,-71.66666667,-79.44444444,-82.875,-79,-82.5,-81.71428571,-85.33333333,-79.5,-87.44444444,-85.09090909,-89,-86,-89,-87.75,-93,-89.5,-90.5,-88.8,-91.33333333,NaN,1
Location: 0 - Direction: 1,-48,-50.5,-66.9,-60.16666667,-62,-70.375,-73.4,-66.57142857,-72.5,-80,-84.5,-79,-76.375,-89.6,-72,-85.6,-89,-89,-88.66666667,-89,-95.5,-93,-82,-90,-91.4,-88.25,NaN,1
Location: 0 - Direction: 1,-48,-50.5,-66,-59.66666667,-61.75,-69.5,-73.55555556,-66.9,-73,-81,-83.5,-79,-76.5,-88,-72.4,-84,-89.33333333,-89,-88,-89,-95.5,-92,-81.25,-92,-89.5,-88.8,NaN,1
Location: 0 - Direction: 1,-48,-49.5,-63.18181818,-61.66666667,-61.33333333,-68,-73.125,-65.2,-71,-81.75,-84,-79.6,-75,-87.42857143,-72.4,-82.8,-88.33333333,-89,-86.5,-89,-92,-92,-81.75,-92,-91.33333333,-90,NaN,1
Location: 0 - Direction: 1,-47.72727273,-46.11111111,-52.58333333,-70.5,-61.875,-63,-69.57142857,-62.09090909,-67.36363636,-75.41666667,-74.83333333,-71,-68,-74,-77.81818182,-79.57142857,-82.16666667,-85.5,-81.6,-85.85714286,-80.5,-92,-84.77777778,-87,-85.5,-90,NaN,1
Location: 0 - Direction: 1,-47.8,-46,-52.61538462,-69.71428571,-61.81818182,-63.55555556,-69.33333333,-62.18181818,-67.75,-74.55555556,-74.25,-71.5,-68.09090909,-74,-76.8,-79.75,-83.27272727,-88,-82.71428571,-85.4,-81.5,-92,-85,-88,-85.375,-90,NaN,1
Location: 0 - Direction: 1,-55.66666667,-47.2,-53.1,-68.125,-62.5,-63.28571429,-69.91666667,-64.58333333,-69.6,-79.83333333,-74.44444444,-74.57142857,-74.28571429,-76.61538462,-78,-83,-85.75,-88.33333333,-82.7,-86,-82.22222222,-92.75,-85.625,-88.66666667,-86.25,-91,NaN,1
Location: 0 - Direction: 1,-59.33333333,-58.125,-54.33333333,-60.76923077,-64.45454545,-64,-72.16666667,-76,-81,-92,-76.5,-84.16666667,-91.125,-84.11111111,-85.6,-91.375,-86,-88.28571429,-84.14285714,-90,-88,-91.66666667,-92.9,-97,-92.55555556,-93.5,NaN,1
Location: 0 - Direction: 1,-59,-57.77777778,-54,-60.71428571,-64.16666667,-64.5,-72.625,-76,-81,-93.33333333,-77,-83.4,-88.83333333,-84.5,-88.5,-92.66666667,-84.83333333,-88.88888889,-85.25,-89.2,-88.14285714,-93.25,-93,-96.5,-91.14285714,-92,NaN,1
Location: 0 - Direction: 1,-59.66666667,-57.14285714,-55.18181818,-60.875,-64.57142857,-65.33333333,-72.44444444,-73.5,-77,-92,-76.57142857,-82.8,-86.25,-84,-82.58333333,-87.66666667,-86.75,-89.125,-85.66666667,-90,-88,-93,-89.57142857,-92,-90.6,-92.2,NaN,1
Location: 0 - Direction: 1,-48,-50,-67.83333333,-59.66666667,-61.375,-69.44444444,-73.83333333,-66,-70.45454545,-81.28571429,-76.57142857,-79.5,-76.8,-90.71428571,-72.66666667,-84,-86.33333333,-89.125,-94,-90,-88,-93,-82,-92,-89.33333333,-87.8,NaN,1
Location: 0 - Direction: 1,-48,-50,-66.11111111,-59.75,-61.57142857,-69.2,-73.72727273,-66,-70.625,-81.85714286,-86.83333333,-78.25,-77.16666667,-88.6,-72.36363636,-84,-88,-99,-94,-94,-88,-93,-80.75,-94.33333333,-90.66666667,-87.90909091,NaN,1
Location: 0 - Direction: 1,-47.90909091,-49.66666667,-65.11111111,-60.16666667,-61.7,-69.33333333,-72.77777778,-66.125,-70.5,-82.42857143,-83,-78.55555556,-78.3,-87.5,-75.33333333,-84.16666667,-88.85714286,-99,-81.5,-91,-81,-93,-81.33333333,-94.33333333,-91.5,-88,NaN,1
Location: 0 - Direction: 1,-47.36363636,-46,-53,-68.9,-61.88888889,-63,-69.14285714,-62.58333333,-67.27272727,-74.84615385,-75.4,-71.66666667,-68.42857143,-74.1,-77.16666667,-79.22222222,-84.16666667,-86.14285714,-81.57142857,-86,-81.33333333,-96,-84.55555556,-86.8,-87,-90.5,NaN,1
Location: 0 - Direction: 1,-47.28571429,-46.18181818,-52.875,-69.1,-62,-63.14285714,-69.85714286,-62.53846154,-67.57142857,-74.33333333,-74.88888889,-71.7,-68.2,-74.33333333,-76.5,-79.1,-82.5,-87.5,-81.7,-85.83333333,-81.85714286,-96,-84.83333333,-88,-86.2,-91,NaN,1
Location: 0 - Direction: 1,-47.42857143,-46.2,-53,-68.125,-62.125,-63.1,-69.6,-62.5,-67.14285714,-74.66666667,-76.25,-71.44444444,-68,-74.625,-77,-78.42857143,-83.75,-87.66666667,-82.85714286,-86.7,-83.09090909,-96,-85.625,-88,-88,-91,NaN,1
Location: 0 - Direction: 1,-59.09090909,-58,-54.14285714,-60.66666667,-64.25,-64,-72.69230769,-75.90909091,-80.76923077,-90,-76.72727273,-84.11111111,-88.83333333,-83.66666667,-86.66666667,-89.75,-84.11111111,-88,-84.83333333,-89.8,-88.72727273,-93.2,-92.875,-96,-92.66666667,-91.125,NaN,1
Location: 0 - Direction: 1,-59.14285714,-58,-54.2,-60.5,-64.14285714,-64,-72.75,-76,-81,-91,-76.55555556,-83.5,-90,-82.66666667,-85.66666667,-92.2,-84.8,-88.11111111,-84.66666667,-89.5,-88,-93.2,-92.28571429,-96,-92.2,-91.28571429,NaN,1
Location: 0 - Direction: 1,-59,-58,-54,-60.27272727,-64,-64,-72.44444444,-75.8,-80.5,-91.88888889,-76.71428571,-83,-92.14285714,-83.75,-82,-91.33333333,-86.4,-88.125,-84.8,-88.83333333,-87,-93.66666667,-92.16666667,-96,-93,-91.875,NaN,1
Location: 0 - Direction: 1,-48,-51.57142857,-69.375,-60.85714286,-62,-69.375,-73.28571429,-66.5,-71,-82.90909091,-89.5,-79.33333333,-78.16666667,-90.42857143,-73,-83.6,-88.16666667,-88.125,-89,-88.83333333,-102,-93.66666667,-81.44444444,-91.5,-91.66666667,-89.33333333,NaN,1
Location: 0 - Direction: 1,-48,-50,-67.71428571,-59.9,-61.6,-69.5,-74,-66.25,-70.25,-83,-90,-80,-77,-90,-72,-85.25,-86.5,-95,-89,-98.5,-96,-100,-81.4,-91,-92.11111111,-88.75,NaN,1
Location: 0 - Direction: 1,-48,-50,-66.33333333,-60.2,-61.7,-69.5,-72.75,-66,-71,-83.125,-88,-78.625,-78.75,-89,-72.33333333,-83.14285714,-87,-95,-90,-100,-99,-100,-80.55555556,-91.5,-92,-89,NaN,1
Location: 0 - Direction: 1,-47.38461538,-46.33333333,-52.36363636,-68,-62.1,-63.63636364,-69.4,-62.11111111,-67.8,-75.5,-74.8,-71.42857143,-68.125,-74.33333333,-76,-79.28571429,-83.75,-86.75,-81.66666667,-84.8,-82.125,-100,-83.44444444,-88,-86.33333333,-90,NaN,1
Location: 0 - Direction: 1,-50.5,-46.18181818,-52.66666667,-68,-62,-63.18181818,-69.41666667,-62,-67.54545455,-74.88888889,-74.38461538,-75.33333333,-68.22222222,-74.11111111,-76.375,-78.88888889,-83,-85.33333333,-82.2,-84.25,-82,-95,-84.28571429,-88,-87,-90,NaN,1
Location: 0 - Direction: 1,-47.57142857,-46.22222222,-53,-68.125,-61.8,-62.83333333,-69.45454545,-62.14285714,-67.71428571,-74.5,-74.66666667,-71.5,-68,-74.1,-77.2,-79.33333333,-83.75,-86.5,-81.4,-84.66666667,-81.16666667,-95,-85.3,-88,-85.88888889,-90,NaN,1
Location: 0 - Direction: 1,-58.1,-56,-54,-61.625,-64,-64,-71.33333333,-72.375,-81.25,-85.28571429,-76.16666667,-79,-79,-80.42857143,-84.75,-92.25,-85.16666667,-88.25,-83.5,-89.4,-87.5,-95,-88.85714286,-88,-87.33333333,-91.6,NaN,1
Location: 0 - Direction: 1,-58.5,-57.66666667,-54.28571429,-60.125,-65.5,-64.8,-72.33333333,-75.5,-82.2,-89.75,-75.75,-83.33333333,-89,-83.8,-84.58333333,-89.28571429,-87.28571429,-87.9,-84.33333333,-88.85714286,-88.54545455,-92.875,-91.77777778,-88,-89.33333333,-91.71428571,NaN,1
Location: 0 - Direction: 1,-59.2,-57.75,-55,-60.875,-63.6,-64,-72.375,-73.71428571,-80,-88,-76.83333333,-83.85714286,-91,-84.91666667,-84.44444444,-91,-86,-88.7,-85.7,-90,-89.9,-93,-91,-88,-91,-91.625,NaN,1
Location: 0 - Direction: 1,-53.61538462,-53,-61.16666667,-59.8,-63,-68.11111111,-72.28571429,-67.33333333,-75.2,-85.33333333,-78.5,-80.5,-79.6,-89.83333333,-72.28571429,-88.125,-87.25,-92,-88.66666667,-90,-93,-95,-85.4,-92,-91,-91.28571429,NaN,1
Location: 0 - Direction: 1,-47,-51.54545455,-65.92307692,-59.5,-62.6,-68.76923077,-71.66666667,-65.81818182,-73,-79.4,-81.6,-78,-79.33333333,-89,-72.11111111,-85.875,-87.625,-91,-88.66666667,-90,-95,-95,-82.8,-92.5,-91.85714286,-89.57142857,NaN,1
Location: 0 - Direction: 1,-47,-51,-66.61538462,-60.66666667,-62.69230769,-68.4,-72,-66,-74.11111111,-79.57142857,-83.42857143,-77.5,-80,-87.66666667,-72.14285714,-85.125,-87.54545455,-93,-88.33333333,-90,-94.33333333,-95,-82.25,-91.33333333,-91.16666667,-89.57142857,NaN,1
Location: 0 - Direction: 1,-48,-47.77777778,-53.4,-66.375,-62.2,-64,-69,-62.8,-69.77777778,-75.75,-77.14285714,-71.2,-72,-74.33333333,-74.14285714,-81.4,-84.11111111,-93,-84.8,-84.5,-82.5,-95,-86,-89.5,-91.16666667,-90.33333333,NaN,1
Location: 0 - Direction: 1,-47.83333333,-46.44444444,-53.66666667,-69,-62,-64,-68.22222222,-62,-68,-75.5,-77,-71.875,-69.625,-74.125,-76,-80.63636364,-83.16666667,-93,-85.375,-84.625,-83.22222222,-89,-87.5,-88,-88.25,-90.33333333,NaN,1
Location: 0 - Direction: 1,-47.27272727,-46.18181818,-52.92857143,-68.14285714,-61.16666667,-63.8,-69.7,-62,-67.54545455,-76.75,-75.66666667,-71.4,-69,-74,-78.66666667,-79.1,-85,-86.6,-81.8,-85,-81.71428571,-89,-84.16666667,-88.5,-88.25,-88.33333333,NaN,1
Location: 0 - Direction: 1,-56.61538462,-54.16666667,-53.77777778,-62.83333333,-64.875,-63.83333333,-72.44444444,-70.2,-79.25,-85.77777778,-76.66666667,-80.72727273,-77,-83.5,-83.18181818,-84.375,-85.125,-87.6,-83.875,-87.3,-85.4,-91,-89.83333333,-88,-86.91666667,-90,NaN,1
Location: 0 - Direction: 1,-59.72727273,-58,-54,-60.85714286,-64.625,-64,-72,-76.33333333,-82.2,-89.16666667,-76.08333333,-82.55555556,-92.66666667,-83.5,-85.83333333,-90.5,-86,-89,-84.83333333,-89.125,-86.54545455,-93.44444444,-92.5,-88,-88.85714286,-91.3,NaN,1
Location: 0 - Direction: 1,-59.58333333,-58,-54.33333333,-60.71428571,-65.33333333,-64,-71.77777778,-76,-81.77777778,-90.33333333,-76.33333333,-81.8,-92.75,-83.875,-85.42857143,-90.5,-84.72727273,-88.75,-84.4,-89.5,-86.44444444,-93.875,-91.83333333,-99,-89.25,-91.14285714,NaN,1
Location: 0 - Direction: 1,-53.625,-54.45454545,-59,-60.54545455,-63.75,-64,-73.57142857,-69.57142857,-76.8,-86.75,-78.16666667,-80.88888889,-82.875,-86.66666667,-76.5,-86.25,-86,-88.33333333,-84.6,-88.8,-86.5,-93.875,-86.2,-93,-90.5,-88.75,NaN,1
Location: 0 - Direction: 1,-48,-50.08333333,-67.14285714,-60.14285714,-61.75,-69.25,-74,-65.75,-71,-85.1,-90,-80.5,-76.5,-91.5,-70.75,-84.8,-87.125,-88.33333333,-84.6,-95.5,-96.5,-93.875,-80.77777778,-94,-89.8,-88,NaN,1
Location: 0 - Direction: 1,-48,-50.2,-66,-60.14285714,-61.5,-69.4,-73.71428571,-66,-71,-83.85714286,-87,-80.3,-76.5,-89.6,-70.88888889,-84.33333333,-88.71428571,-88.33333333,-91.5,-95.5,-96.5,-93.875,-80.25,-95,-89.14285714,-87.75,NaN,1
Location: 0 - Direction: 1,-51.63636364,-46.8,-54.44444444,-66.83333333,-65.25,-62.25,-70.71428571,-63.16666667,-68.53846154,-78,-75.5,-73.25,-70.375,-81.5,-73.75,-80.33333333,-87.33333333,-87,-82,-86.5,-85,-94,-82.83333333,-89,-87,-89.83333333,NaN,1
Location: 0 - Direction: 1,-47,-46.09090909,-52.84615385,-68,-61.85714286,-62.83333333,-72.125,-62,-67.875,-75.16666667,-75.88888889,-71.7,-67.75,-74.1,-77.16666667,-79.33333333,-87.25,-86.85714286,-82.33333333,-86,-80.8,-89.66666667,-84.57142857,-88.5,-87,-91.5,NaN,1
Location: 0 - Direction: 1,-47,-46,-52.90909091,-67.66666667,-62,-63,-70,-62,-68,-74.71428571,-74.83333333,-70.71428571,-68.4,-74,-75.71428571,-79,-87,-86,-82.83333333,-87,-80.66666667,-91,-87,-88,-86.5,-91.5,NaN,1
Location: 0 - Direction: 1,-53.4,-52.66666667,-53,-63.5,-62.91666667,-64.07692308,-71.5,-70.875,-73.11111111,-85,-77.33333333,-75.85714286,-75.88888889,-79.77777778,-79.85714286,-91.33333333,-85.66666667,-87.71428571,-84.16666667,-87,-82.75,-91.33333333,-91.57142857,-88,-88.5,-94.33333333,NaN,1
Location: 0 - Direction: 1,-59.83333333,-58,-54,-60.57142857,-64.92307692,-64,-72.85714286,-75.66666667,-80.77777778,-91.28571429,-77,-83.375,-88.11111111,-84.125,-84.3,-90.25,-85.66666667,-88,-84.16666667,-88.33333333,-89,-92.3,-92,-88,-91.66666667,-93.2,NaN,1
Location: 0 - Direction: 1,-59,-57.91666667,-54,-60,-65.36363636,-63.75,-72.57142857,-75.18181818,-81.33333333,-90.5,-76.66666667,-83,-90,-83.25,-85.875,-89.42857143,-85.4,-89,-85.2,-88.33333333,-87.6,-92.75,-91.57142857,-88,-89.5,-93,NaN,1
Location: 0 - Direction: 1,-51.77777778,-54.2,-60.14285714,-60.11111111,-63.33333333,-65.5,-73.42857143,-74.16666667,-80.14285714,-86.8,-80.875,-80.85714286,-84.77777778,-82.5,-78.83333333,-84.55555556,-87.5,-88.66666667,-84.75,-88.33333333,-87,-91.25,-89.5,-93.83333333,-88,-89.85714286,NaN,1
Location: 0 - Direction: 1,-47.88888889,-50,-67,-60.4,-61.8,-72.5,-72.77777778,-69,-71.14285714,-83.16666667,-84.66666667,-79.75,-78.2,-88,-72,-85.5,-88.66666667,-88.66666667,-90,-88.33333333,-87,-91.25,-80.14285714,-92.5,-88.33333333,-89.5,NaN,1
Location: 0 - Direction: 1,-48,-50.1,-66.9,-60,-62,-69.33333333,-72.66666667,-65.66666667,-71.16666667,-84.71428571,-82.25,-79.25,-78.5,-89.25,-71.16666667,-84.8,-89.25,-88.66666667,-87.66666667,-88.33333333,-91,-91.25,-81.33333333,-90,-90.33333333,-89.28571429,NaN,1
Location: 0 - Direction: 1,-47.5,-48,-61.25,-63,-61.77777778,-67.75,-71.66666667,-64.5,-68.5,-79.4,-81.33333333,-75,-72.33333333,-83.6,-74,-82.875,-87.5,-86.25,-82.5,-84.5,-91,-91.25,-82,-91,-89,-88.33333333,NaN,1
Location: 0 - Direction: 1,-47.16666667,-46,-52.6,-68.14285714,-61.71428571,-63.125,-69.7,-62,-67.16666667,-75,-75,-71,-68.28571429,-73.85714286,-77.83333333,-78.36363636,-85.4,-86.25,-82,-85.57142857,-82,-91.25,-86,-88.5,-86.75,-88,NaN,1
Location: 0 - Direction: 1,-47.28571429,-46.07692308,-52.875,-67.75,-61.75,-63,-71.2,-62.18181818,-67.6,-74.28571429,-74.66666667,-71.27272727,-68.66666667,-73.77777778,-78.36363636,-80,-82.875,-86.66666667,-83.66666667,-86,-82.77777778,-88.66666667,-84.44444444,-86.4,-85.75,-88,NaN,1
Location: 0 - Direction: 1,-53.30769231,-49.27272727,-53.72727273,-66.11111111,-62,-62.55555556,-69.63636364,-66.8,-76.71428571,-78.77777778,-74.5,-75.75,-77,-74.66666667,-77.75,-82.83333333,-85.375,-86,-84.42857143,-90,-84.1,-90,-89.14285714,-86.4,-87.66666667,-88,NaN,1
Location: 0 - Direction: 1,-59.33333333,-58.06666667,-54.5,-60.54545455,-63.88888889,-64,-72.86666667,-73.75,-84.22222222,-87,-76.33333333,-82,-90.63636364,-80.33333333,-79.8,-92,-84.875,-88.6,-89.42857143,-89.71428571,-88.09090909,-93,-94,-97.83333333,-89.85714286,-92.75,NaN,1
Location: 0 - Direction: 1,-59.57142857,-57.91666667,-54.5,-60.53846154,-64.27272727,-63.75,-73.11111111,-75.58333333,-84.5,-86.75,-76,-81.42857143,-90.33333333,-80.77777778,-81.5,-93.25,-84.375,-89,-87.33333333,-89.16666667,-91.75,-93.66666667,-91,-96,-90.36363636,-93.4,NaN,1
Location: 0 - Direction: 1,-57.2,-59.55555556,-58.85714286,-60.11111111,-66.84615385,-66.88888889,-72.33333333,-71.11111111,-80,-80.66666667,-78.58333333,-79,-82,-81.25,-77.77777778,-90,-85.55555556,-88,-85.5,-90,-92.2,-93,-87.42857143,-98,-90.8,-92.8,NaN,1
Location: 0 - Direction: 1,-47.88888889,-50.8,-67.2,-59.5,-61.66666667,-71.72727273,-73.42857143,-71.2,-72.57142857,-78.8,-81,-81,-76.33333333,-81.25,-71.875,-88.66666667,-86.75,-88,-91,-90,-98,-93,-83.375,-90.25,-90,-90,NaN,1
Location: 0 - Direction: 1,-51.06666667,-50.45454545,-67.33333333,-59.57142857,-61.54545455,-68.6,-72.57142857,-67.22222222,-71,-80.25,-84.25,-80.33333333,-74.6,-91.66666667,-71.58333333,-84.33333333,-86.54545455,-88,-91,-92,-98,-93,-81.5,-89.5,-90.66666667,-88.66666667,NaN,1
Location: 0 - Direction: 1,-48,-49.125,-62.14285714,-59.75,-61.66666667,-66.25,-71.4,-66,-69.75,-79.57142857,-82.33333333,-79,-74.66666667,-83.33333333,-73.6,-84.33333333,-87.11111111,-93,-99,-92,-98,-93,-80.6,-89.5,-88.66666667,-88.25,NaN,1
Location: 0 - Direction: 1,-47,-46.25,-52.88888889,-66.66666667,-61.93333333,-63.75,-69.25,-62,-67.8,-74.75,-73.25,-71.53846154,-67.66666667,-74.28571429,-78,-78.33333333,-82.11111111,-86.2,-82.4,-86,-81.6,-93,-84,-88.66666667,-88,-89.5,NaN,1
Location: 0 - Direction: 1,-47,-46,-52.375,-67.75,-61.75,-62.78571429,-69.18181818,-62.1,-67.23076923,-76.2,-74.18181818,-70.83333333,-67.5,-73.85714286,-77,-78.66666667,-81.77777778,-87,-82.27272727,-85,-82,-93,-86.33333333,-88.66666667,-86,-89.5,NaN,1
Location: 0 - Direction: 1,-47.33333333,-48,-53.6,-66.91666667,-62,-63.36363636,-70.5,-63.5,-70.375,-76,-75.45454545,-72.46153846,-68.33333333,-75.72727273,-78.42857143,-80.42857143,-84.5,-87.125,-82.71428571,-86.25,-83,-98,-87.2,-88.25,-87.6,-89,NaN,1
Location: 0 - Direction: 1,-60,-58,-54.1,-60.8,-64.9,-64.33333333,-74,-75.71428571,-83.8,-89.28571429,-77.28571429,-81.16666667,-93,-85.75,-84.28571429,-90.33333333,-85.14285714,-89,-85.54545455,-89,-86.75,-94.75,-92.1,-88.25,-88.88888889,-91,NaN,1
Location: 0 - Direction: 1,-59,-58,-54.14285714,-60.83333333,-64.6,-64,-73.16666667,-75,-83.625,-91.2,-76.625,-82,-91.75,-85.8,-85,-90,-84.8,-88.88888889,-86,-88.2,-87.25,-94.5,-91.5,-99,-89,-90.16666667,NaN,1
Location: 0 - Direction: 1,-57.71428571,-56.66666667,-54.33333333,-60.36363636,-65,-64.83333333,-72.57142857,-74.25,-80,-89,-76.5,-82.42857143,-86.25,-83.42857143,-80.25,-89.85714286,-84.42857143,-89,-85.33333333,-90,-87.5,-93.5,-91.2,-91,-89.2,-91.5,NaN,1
Location: 0 - Direction: 1,-48,-50,-68,-59.75,-62.55555556,-69,-72.66666667,-66.33333333,-72.6,-80.66666667,-87,-79.5,-81,-87,-72,-84,-83.83333333,-94,-85.33333333,-90,-87.5,-93.5,-82,-90,-91.5,-89.66666667,NaN,1
Location: 0 - Direction: 1,-48,-50,-66,-60.14285714,-61.83333333,-68.77777778,-71.16666667,-66.25,-75,-81.25,-87,-81,-82.28571429,-86.33333333,-71.85714286,-85,-88.5,-94,-89,-90,-92.75,-94,-80.28571429,-91,-92,-90.66666667,NaN,1
Location: 0 - Direction: 1,-48,-50,-66.38461538,-59.9,-62,-68.63636364,-71.2,-66,-73.4,-81.5,-81.5,-80.08333333,-78.85714286,-86,-71.375,-84,-87.16666667,-94,-85,-90,-93,-94,-80.28571429,-90.8,-92,-90,NaN,1
Location: 0 - Direction: 1,-47,-46.09090909,-53.11111111,-66.90909091,-61,-62.88888889,-70.07142857,-62,-69,-76.71428571,-77.375,-72.88888889,-71,-73.5,-77.5,-81,-83.8,-84.8,-81.75,-86.2,-81.33333333,-95.5,-86.8,-90.8,-86.5,-90,NaN,1
Location: 0 - Direction: 2,-54.5,-56.85714286,-57.25,-70.83333333,-58.6,-78.66666667,-71.5,-66.33333333,-75.83333333,-73,-77.5,-81.83333333,-76.5,-90,-81,-83.85714286,-84.5,-86.5,-86.5,-86.33333333,-84.57142857,-88.25,-86.25,-87,-100,-87,NaN,2
Location: 0 - Direction: 2,-60.75,-64.5,-55.75,-69,-67.5,-72.28571429,-71,-74,-71.8,-77.75,-76,-76,-78,-84.5,-83,-80.75,-83,-87.5,-84.75,-90,-88.4,-90,-88,-90,-85,-93,NaN,2
Location: 0 - Direction: 2,-70.85714286,-65.2,-55.83333333,-67,-74,-64,-67.21428571,-78.83333333,-79,-80.16666667,-76.57142857,-80,-76.5,-82.66666667,-82,-79,-89,-87,-81.75,-90,-84.5,-90,-88,-90,-86,-87,NaN,2
Location: 0 - Direction: 2,-60.7,-70.4,-58.2,-73.25,-64.5,-62.66666667,-67.6,-77.42857143,-79.5,-79.75,-78.25,-78.33333333,-67.83333333,-79,-80.4,-79,-84.6,-87.8,-78.66666667,-91,-83,-87,-88,-93.33333333,-88,-88.5,NaN,2
Location: 0 - Direction: 2,-70.66666667,-65,-62.2,-73.25,-63.1,-65.5,-76.33333333,-77.6,-79.2,-81.4,-75.25,-78.75,-70.33333333,-77.5,-81.75,-79,-90.5,-88,-82.75,-91,-84.25,-87,-91.5,-92,-89.5,-88.5,NaN,2
Location: 0 - Direction: 2,-65.3,-68.5,-72,-69.75,-61.1,-70.16666667,-78.5,-84,-74.66666667,-82.5,-73.8,-80.71428571,-74.16666667,-92.5,-75.75,-91.5,-94,-86.5,-96,-90,-86.44444444,-88.28571429,-86.5,-89.6,-90.5,-88.5,NaN,2
Location: 0 - Direction: 2,-62.66666667,-63.71428571,-67.16666667,-71.55555556,-61.16666667,-69.25,-78,-80.14285714,-75.5,-80.83333333,-73.5,-81.6,-73.5,-97,-76.33333333,-94,-95,-86.5,-94,-89.75,-88.25,-89.5,-88,-90,-89,-88.5,NaN,2
Location: 0 - Direction: 2,-64.66666667,-62.5,-74,-70.66666667,-64,-68,-79,-82,-75.66666667,-84.83333333,-70,-79.75,-73.5,-95.83333333,-76,-91.2,-95,-87,-95.5,-90.5,-87,-89.5,-87,-90,-90,-88.5,NaN,2
Location: 0 - Direction: 2,-55.85714286,-59.42857143,-55.33333333,-60.4,-76.5,-76,-75.5,-71.375,-70.83333333,-82.5,-70.83333333,-74.71428571,-82,-90.75,-78.16666667,-81.2,-82,-87.25,-78.125,-87,-88.66666667,-97,-86,-90,-87.88888889,-92.66666667,NaN,2
Location: 0 - Direction: 2,-54.66666667,-57.69230769,-55.11111111,-61.125,-74.42857143,-73.7,-73.6,-70.44444444,-71.8,-88,-70.25,-74.4,-82.16666667,-89.4,-79,-82,-81.33333333,-85.83333333,-78.88888889,-84.5,-89,-97,-89,-90,-87,-90.66666667,NaN,2
Location: 0 - Direction: 2,-53.625,-57,-55,-60,-74,-70.2,-73.83333333,-73,-72.2,-83,-69.25,-74.5,-75.33333333,-88.5,-77.33333333,-82,-81.875,-85.83333333,-77.8,-86,-89.5,-97,-89,-90,-86,-90.4,NaN,2
Location: 0 - Direction: 2,-58.5,-61,-55,-74.5,-64,-64,-67.8,-76.66666667,-72.2,-79.33333333,-79,-76,-67,-76.5,-77.33333333,-82.5,-84,-85.33333333,-79,-87,-84.5,-87,-89,-90,-87,-90.4,NaN,2
Location: 0 - Direction: 2,-59.625,-62.22222222,-55,-73.8,-63.33333333,-64,-68,-75.85714286,-76.75,-78,-80.83333333,-75.16666667,-66.125,-75.6,-82.375,-82.71428571,-84,-85.5,-79,-89.66666667,-84.5,-88.5,-89,-90,-87,-87.33333333,NaN,2
Location: 0 - Direction: 2,-60,-62.57142857,-55.25,-72,-63,-64.5,-70,-76.71428571,-76.75,-78.75,-82,-75.66666667,-66.25,-75.66666667,-84,-82,-84.5,-85.25,-79.25,-89.42857143,-85.75,-90,-95.5,-90,-87,-88,NaN,2
Location: 0 - Direction: 2,-67.4,-64,-76.41666667,-69.36363636,-61.33333333,-69.5,-77.5,-82.875,-75.33333333,-81.66666667,-72,-81.16666667,-74.14285714,-93,-75.8,-90,-92.28571429,-87.75,-95,-89.375,-86.66666667,-89.66666667,-87.66666667,-90.33333333,-89,-88,NaN,2
Location: 0 - Direction: 2,-67.54545455,-64,-76.88888889,-69.7,-61.5,-69.75,-78,-83,-75.25,-81.4,-72,-80.71428571,-74,-96.25,-75.16666667,-90,-94,-86.77777778,-100,-88.5,-87.5,-89,-87.33333333,-90,-89.33333333,-88,NaN,2
Location: 0 - Direction: 2,-68.85714286,-64,-68.33333333,-68.4,-62.42857143,-72,-77.2,-82.42857143,-71,-81,-72,-80.75,-74.33333333,-94,-75.33333333,-91,-87.5,-86.77777778,-99,-88.5,-87.5,-90.33333333,-87.33333333,-90,-88.5,-88,NaN,2
Location: 0 - Direction: 2,-53.57142857,-57.375,-55,-59.25,-71.41666667,-77.57142857,-73,-73,-71.6,-84.6,-70.5,-75.5,-79.83333333,-89.33333333,-79.66666667,-82.25,-80.83333333,-88.5,-77.5,-86.83333333,-88.2,-90.33333333,-88.6,-90,-88.71428571,-93,NaN,2
Location: 0 - Direction: 2,-54,-57,-61.75,-59.22222222,-74.85714286,-75.83333333,-73.6,-72.33333333,-71.66666667,-84,-70,-75.33333333,-80,-89,-79.25,-82.25,-80.83333333,-88.5,-78,-86.5,-86.5,-98.5,-88.5,-90,-86.71428571,-92,NaN,2
Location: 0 - Direction: 2,-55.11111111,-57,-55,-60.5,-70,-73.66666667,-74,-73.66666667,-73,-81.66666667,-69,-75.33333333,-79.42857143,-90,-77.5,-81,-81.5,-88.5,-78.33333333,-86,-87.33333333,-96.5,-88.5,-96,-87.25,-92.5,NaN,2
Location: 0 - Direction: 2,-55.11111111,-57,-55,-73,-62,-63,-74,-76.5,-73,-80.25,-81,-76,-67,-75,-83.5,-81.66666667,-79.33333333,-86,-79,-86,-87.33333333,-88,-88.5,-96,-87.25,-88,NaN,2
Location: 0 - Direction: 2,-57.83333333,-62.83333333,-55.2,-74,-63,-63,-68.33333333,-75,-78.33333333,-79,-79,-75.66666667,-66.16666667,-76,-85,-81.75,-84,-85.5,-79.33333333,-86,-83.85714286,-88,-93,-96,-87,-88,NaN,2
Location: 0 - Direction: 2,-58.25,-65.85714286,-55.44444444,-73.66666667,-63.4,-63,-68.14285714,-76,-78,-79.33333333,-78,-76,-66.4,-74.5,-84,-81.66666667,-86.5,-85.5,-78.5,-92,-83.85714286,-88,-89.5,-97.5,-87,-88.5,NaN,2
Location: 0 - Direction: 2,-67.2,-62.8,-71.71428571,-69.33333333,-61.4,-72.14285714,-74.75,-82.5,-74.25,-82.2,-72.5,-77.5,-73,-91.66666667,-75,-88.2,-86.5,-86.66666667,-93,-89.5,-88.66666667,-89.5,-89,-91,-90,-88.5,NaN,2
Location: 0 - Direction: 2,-67.375,-63.66666667,-75.75,-70.66666667,-61.6,-73.33333333,-78.57142857,-81.5,-75,-82.2,-72.33333333,-80.5,-74.66666667,-93,-75,-88.75,-91.33333333,-87.25,-95,-89.5,-88,-89,-88.5,-90.14285714,-88,-88.5,NaN,2
Location: 0 - Direction: 2,-67.6,-63.28571429,-74.81818182,-69.66666667,-61,-69.83333333,-78.3,-82.7,-74,-83.75,-72,-80.8,-76.375,-92.18181818,-76,-88.5,-93,-87,-98,-89.66666667,-87.25,-90.25,-88.22222222,-89.33333333,-91,-88.5,NaN,2
Location: 0 - Direction: 2,-57.21428571,-58.18181818,-57.2,-59.57142857,-67.57142857,-69.75,-73.5,-73.375,-70.77777778,-81.8,-70,-75.4,-78.8,-92.85714286,-77.69230769,-82.14285714,-80.91666667,-86.44444444,-78.2,-85.57142857,-85.46153846,-90,-86.71428571,-89,-88.85714286,-90.42857143,NaN,2
Location: 0 - Direction: 2,-55.71428571,-57.2,-55.4,-59.77777778,-69.75,-70.125,-73.5,-72,-71.22222222,-82.57142857,-69.25,-74,-77.5,-91.6,-78.1,-82.25,-81.625,-87.14285714,-78.11111111,-85.5,-87.66666667,-98,-87.25,-89,-88.57142857,-91.375,NaN,2
Location: 0 - Direction: 2,-55.6,-57,-54.5,-60,-71,-69.28571429,-72,-71.6,-71.66666667,-82.66666667,-69.66666667,-74,-80,-95.75,-77,-82,-80.75,-87,-78,-86,-87.66666667,-99,-87.16666667,-89,-89,-92,NaN,2
Location: 0 - Direction: 2,-59,-61,-54.5,-66.5,-70,-66.5,-72,-71.5,-80,-81.6,-74.5,-74.66666667,-70.33333333,-75,-79,-81,-80.75,-86,-77.5,-86,-86,-99,-86.5,-89,-89,-93,NaN,2
Location: 0 - Direction: 2,-58.66666667,-65,-56.25,-73.75,-62.6,-64,-67.33333333,-75,-77.8,-79.33333333,-74.5,-75.66666667,-67,-76.25,-84.75,-80.83333333,-87.33333333,-86,-77.75,-92,-84.5,-92,-86.5,-93,-89,-93,NaN,2
Location: 0 - Direction: 2,-57.2,-67.6,-55.6,-73,-62,-66.42857143,-67.33333333,-76.5,-78.14285714,-78,-80.5,-75.8,-67,-75.33333333,-81.85714286,-81,-87.33333333,-87.5,-78.4,-92.5,-84.5,-92,-92,-94.5,-87,-93,NaN,2
Location: 0 - Direction: 2,-67.55555556,-65.5,-73.2,-70.5,-61.36363636,-69.625,-75.75,-83,-75.57142857,-79,-72.4,-80.54545455,-74.5,-75.33333333,-77.42857143,-92.25,-87.33333333,-87,-78,-91,-88.5,-90.2,-87.83333333,-88.83333333,-92.25,-93,NaN,2
Location: 0 - Direction: 2,-69,-63.22222222,-74.9,-69.42857143,-61.45454545,-69.5,-77.42857143,-81.375,-75.54545455,-82.5,-72.85714286,-80.5,-74.42857143,-93,-76,-89.28571429,-93,-87.71428571,-78,-90.6,-88.6,-89.5,-87.91666667,-89,-91.42857143,-93,NaN,2
Location: 0 - Direction: 2,-67.33333333,-64,-75.46153846,-70.28571429,-61.4,-70,-78.81818182,-81.6,-75.54545455,-82,-72.5,-80.6,-74.25,-95.42857143,-76,-89.25,-92.8,-87.375,-100.5,-90.5,-87.83333333,-89.25,-88,-89.8,-93.75,-93,NaN,2
Location: 0 - Direction: 2,-59,-57,-60.5,-65.2,-67.88888889,-74.57142857,-75.16666667,-74.33333333,-72.33333333,-83,-70.6,-75.33333333,-77.2,-94.5,-77,-80.85714286,-83.375,-87.375,-77.4,-86.5,-89.2,-89.25,-87.83333333,-89.8,-86,-93,NaN,2
Location: 0 - Direction: 2,-54.3,-57,-55,-60.06666667,-71,-70.76923077,-74.08333333,-73.8,-71.42857143,-84.33333333,-70.11111111,-74.16666667,-77.5,-92.8,-79,-81.2,-81.57142857,-87.44444444,-78.33333333,-85.6,-87.6,-89.25,-88.33333333,-96,-86.5,-91.5,NaN,2
Location: 0 - Direction: 2,-54,-56.83333333,-55,-60.14285714,-69.5,-70.66666667,-75.33333333,-73,-72.83333333,-85.66666667,-70,-74.4,-77.5,-92,-77,-81.66666667,-82,-88.66666667,-78,-86,-85,-96.5,-89.44444444,-100,-88,-89.33333333,NaN,2
Location: 0 - Direction: 2,-57.33333333,-63.16666667,-55.8,-69.75,-70.125,-67.72727273,-72.6,-72.8,-75.83333333,-82.6,-76,-76,-78,-75,-81,-82.25,-86,-88.66666667,-78.25,-90,-87,-86.33333333,-89.44444444,-100,-88,-89.33333333,NaN,2
Location: 0 - Direction: 2,-57,-62.71428571,-55.8,-72.44444444,-63,-63.875,-68,-75.5,-78.11111111,-79.85714286,-82.6,-76.5,-66.33333333,-75.45454545,-81.5,-81.33333333,-85.4,-84,-78,-90,-86,-88,-89.44444444,-100,-87,-87.33333333,NaN,2
Location: 0 - Direction: 2,-57.11111111,-62.83333333,-56,-71.625,-62.66666667,-63.25,-67.75,-78.5,-77.77777778,-79.6,-82.5,-76,-66.25,-75,-88,-80,-86,-86.66666667,-79.2,-91,-85.5,-88,-91,-100,-86,-87.33333333,NaN,2
Location: 0 - Direction: 2,-67,-63,-64.75,-69.75,-63,-67.66666667,-76,-83.5,-75.6,-80.5,-82.5,-80.6,-71.66666667,-85.83333333,-78.8,-93,-91.66666667,-88,-96.5,-89.75,-87,-89,-92,-91,-89,-87.33333333,NaN,2
Location: 0 - Direction: 2,-69.30769231,-63.125,-76.33333333,-70.33333333,-62,-69.76923077,-79.63636364,-83.66666667,-75.14285714,-81.66666667,-72.5,-81.28571429,-75.5,-95.25,-76,-91.71428571,-93.85714286,-88,-97.5,-88.5,-87.5,-89.5,-89,-90.55555556,-92.18181818,-87.33333333,NaN,2
Location: 0 - Direction: 2,-68,-63,-76.33333333,-70,-61.33333333,-68.875,-78.8,-80.66666667,-75.625,-82,-73.5,-80.5,-75.5,-97.66666667,-75.33333333,-89.625,-89.33333333,-88,-93,-90,-87,-89.5,-88.33333333,-91,-90.6,-87.33333333,NaN,2
Location: 0 - Direction: 2,-60.44444444,-59.22222222,-65.5,-62.77777778,-65.2,-68.875,-75.91666667,-77.33333333,-74.4,-88.33333333,-71.6,-77.66666667,-76.54545455,-94.5,-77,-86.66666667,-86.5,-87.5,-82.5,-86.6,-88.33333333,-89,-88.5,-91.5,-85.8,-87.33333333,NaN,2
Location: 0 - Direction: 2,-54.5,-56.71428571,-55.125,-60.375,-69.22222222,-70.46153846,-74.08333333,-72.36363636,-70.75,-84.5,-71.14285714,-74.875,-78.75,-92.14285714,-77.75,-81.6,-82,-87.5,-78,-86,-88.5,-98,-88.5,-99,-86,-93,NaN,2
Location: 0 - Direction: 2,-54.6,-60,-55.2,-60.2,-68.5,-71.42857143,-73.33333333,-71.2,-71.42857143,-85.4,-70,-74.5,-77.5,-91.875,-76.33333333,-81.33333333,-82.66666667,-87.5,-78.25,-86,-89,-98,-88.66666667,-99,-86,-91.66666667,NaN,2
Location: 0 - Direction: 2,-58,-61.33333333,-55.5,-67,-67.83333333,-67,-70,-74,-76,-86.5,-70,-75.33333333,-73,-76,-85,-80.16666667,-82,-85,-78.71428571,-86,-84.66666667,-98,-88,-99,-85.6,-91,NaN,2
Location: 0 - Direction: 2,-57,-63.33333333,-55.08333333,-72.83333333,-62.44444444,-63.6,-67.83333333,-74.5,-78.83333333,-79,-84.33333333,-76.33333333,-66.4,-75.42857143,-81.28571429,-80.75,-86.66666667,-84.71428571,-79,-86,-84.33333333,-87,-88,-93,-86.66666667,-86.5,NaN,2
Location: 0 - Direction: 2,-57.4,-62.4,-55.5,-71.54545455,-63.16666667,-63.33333333,-68.2,-78.8,-78.85714286,-79.4,-81,-75.75,-66,-75,-82,-82.16666667,-86,-85,-79,-91.6,-85.25,-87.66666667,-93,-96,-86,-88,NaN,2
Location: 0 - Direction: 2,-57,-63,-63.6,-71.4,-62,-63.66666667,-72.42857143,-78.8,-77.4,-81,-77.33333333,-75,-70.5,-76.33333333,-78,-82.33333333,-92.5,-86,-79,-91,-82,-88.5,-93.66666667,-91.75,-92,-102,NaN,2
Location: 0 - Direction: 2,-69.33333333,-62.83333333,-72.75,-71.5,-62.2,-70.22222222,-78.5,-85,-76.5,-85.8,-72,-80.4,-75.2,-89.8,-75.8,-87,-91.5,-88,-92.5,-89.66666667,-87.25,-84.33333333,-87.5,-90.71428571,-90,-102,NaN,2
Location: 0 - Direction: 2,-69.33333333,-64,-73,-72,-61,-71.875,-76.4,-75.6,-77,-85.66666667,-72.33333333,-81.55555556,-77,-86,-80.88888889,-88.875,-94,-89.33333333,-91.25,-93,-87.83333333,-90.8,-87.2,-91.2,-93,-102,NaN,2
Location: 0 - Direction: 2,-60,-61,-62.875,-66.66666667,-63.375,-69,-75.85714286,-72.6,-75.8,-89.25,-70.28571429,-78.25,-74.6,-86.5,-79,-91.33333333,-92,-91,-85.5,-84.66666667,-86,-88.5,-84.5,-91.5,-89,-94,NaN,2
Location: 0 - Direction: 2,-52.9,-56.11111111,-54.2,-61.54545455,-71.22222222,-66.66666667,-73.75,-70,-80.63636364,-88,-68.54545455,-76.36363636,-76.33333333,-86.125,-77.5,-83.83333333,-85.28571429,-89,-78.22222222,-83.16666667,-85.4,-88.5,-81.30769231,-91.5,-89,-94,NaN,2
Location: 0 - Direction: 2,-53.4,-54.5,-54.83333333,-61.11111111,-67.66666667,-68,-73,-72.85714286,-86.5,-86.66666667,-68.85714286,-76.1,-80.14285714,-89,-76.66666667,-84.66666667,-85.44444444,-89.5,-78.66666667,-83.16666667,-86.83333333,-97,-83,-95,-86.16666667,-93,NaN,2
Location: 0 - Direction: 2,-54,-63.25,-54.83333333,-63.44444444,-64.83333333,-67,-72.5,-72.88888889,-78.83333333,-85.5,-70.625,-76.28571429,-76.16666667,-88.66666667,-77.2,-81.66666667,-84.4,-89.28571429,-79,-86.66666667,-88,-89,-85.5,-95,-86.33333333,-92,NaN,2
Location: 0 - Direction: 2,-55.77777778,-65.375,-56.2,-67.6,-62.45454545,-65.3,-71,-72.11111111,-80.42857143,-83.33333333,-78,-75.72727273,-66.4,-75.25,-85.14285714,-78.41666667,-84.75,-85.875,-79,-86.66666667,-87.5,-88,-85.5,-95,-88,-91,NaN,2
Location: 0 - Direction: 2,-58.5,-65.5,-56.91666667,-71.77777778,-60.16666667,-64,-69.125,-69.72727273,-77.14285714,-77,-77.83333333,-74.6,-67,-76.08333333,-81,-78,-86.36363636,-86.25,-80.44444444,-89,-87,-88.66666667,-88.25,-95,-87.5,-90.5,NaN,2
Location: 0 - Direction: 2,-58.5,-63.125,-61.15384615,-69.36363636,-62.71428571,-65.1,-69.1,-79.83333333,-85.6,-75.33333333,-83.33333333,-76.125,-66.625,-77.11111111,-81.71428571,-80.875,-84.25,-85,-86,-89,-84.8,-89.6,-88,-89.75,-89.5,-90.5,NaN,2
Location: 0 - Direction: 2,-73,-63.45454545,-80.25,-69.83333333,-60.18181818,-73,-74.33333333,-82.14285714,-76.15384615,-87.90909091,-73,-81.45454545,-75.5,-77.11111111,-75.25,-86,-84.25,-86.8,-96,-88.28571429,-87.77777778,-89.83333333,-88.625,-89.875,-89.33333333,-90.5,NaN,2
Location: 0 - Direction: 2,-72.72727273,-63.15384615,-80,-69.7,-60.36363636,-72.875,-74.44444444,-82.16666667,-76.42857143,-87.75,-72.33333333,-80.88888889,-75.9,-95,-75.28571429,-85.45454545,-95.33333333,-87.14285714,-94,-88.6,-87.5,-90.33333333,-88.66666667,-90.46153846,-90,-90.5,NaN,2
Location: 0 - Direction: 2,-69.91666667,-62.11111111,-77.3,-68.57142857,-61.75,-71.36363636,-74.57142857,-82.42857143,-75.83333333,-88.16666667,-72.28571429,-80,-76,-95.66666667,-75.36363636,-85.5,-94,-86.5,-88.4,-88.2,-87,-91.66666667,-88.6,-90.125,-89.25,-90.5,NaN,2
Location: 0 - Direction: 2,-53.6,-57.33333333,-55,-61.72727273,-64.33333333,-70.36363636,-78.22222222,-71.8,-72.85714286,-84.63636364,-71.2,-76,-76.5,-90.5,-76.66666667,-80.57142857,-83.14285714,-86.25,-80,-86.42857143,-87.63636364,-91.66666667,-86.42857143,-91,-84.90909091,-92,NaN,2
Location: 0 - Direction: 2,-54.125,-57.41666667,-57,-61.375,-66.33333333,-70.85714286,-74.84615385,-74.6,-73.66666667,-85.83333333,-69.57142857,-76.28571429,-77.44444444,-91.2,-76.6,-79.28571429,-84.91666667,-86.66666667,-78.2,-84.66666667,-88.72727273,-91.66666667,-87.41666667,-90.5,-86.6,-92,NaN,2
Location: 0 - Direction: 2,-54.77777778,-56.54545455,-56.125,-62.4,-72.71428571,-70.27272727,-75.11111111,-72.83333333,-74.28571429,-83,-70.875,-77.28571429,-77.16666667,-89.66666667,-76.85714286,-80.83333333,-83.33333333,-88.16666667,-78.85714286,-85,-87.6,-91.66666667,-88.09090909,-90.5,-85.42857143,-92,NaN,2
Location: 0 - Direction: 2,-56,-65.08333333,-54.42857143,-73.11111111,-63.57142857,-66.625,-67.83333333,-76.85714286,-78.625,-81.33333333,-82,-77.125,-67,-74.25,-78,-81.4,-88.5,-86,-80,-85,-87,-86,-90,-90.5,-90,-88,NaN,2
Location: 0 - Direction: 2,-55.75,-63.66666667,-56.44444444,-68.66666667,-62,-67.2,-68.2,-77.66666667,-78.66666667,-82.75,-86.5,-76.42857143,-66.66666667,-74,-79.25,-82.66666667,-87.5,-86.6,-79.66666667,-90,-85.57142857,-86,-90,-88,-88,-86.5,NaN,2
Location: 0 - Direction: 2,-57.38461538,-63.5,-55.16666667,-70.375,-64.375,-65.33333333,-69.11111111,-76.33333333,-76.22222222,-81.2,-85,-77,-67.14285714,-74,-81,-80.66666667,-89,-87.66666667,-79.375,-90,-84.85714286,-87.2,-87.2,-89,-88,-88.5,NaN,2
Location: 0 - Direction: 2,-69.75,-64.33333333,-72.09090909,-69.33333333,-61.22222222,-71.28571429,-78,-91.28571429,-76.18181818,-86.28571429,-71.9,-81.2,-74.9,-91.5,-75.36363636,-90.5,-91.77777778,-87.81818182,-92,-88.77777778,-88.22222222,-88.85714286,-86.75,-91.33333333,-90.5,-88.5,NaN,2
Location: 0 - Direction: 2,-73.625,-65.6,-72.5,-70,-61,-71,-79.33333333,-88.6,-76.33333333,-85.33333333,-72,-80.66666667,-74.625,-95.5,-76,-89.45454545,-93.18181818,-88.57142857,-90.6,-88.25,-88.33333333,-90.16666667,-87.5,-90.16666667,-90.09090909,-97,NaN,2
Location: 0 - Direction: 2,-68.25,-65.22222222,-72.28571429,-69.61538462,-60.45454545,-71.57142857,-80.66666667,-91.33333333,-76.5,-84,-72.2,-81,-75,-93,-76,-91.55555556,-93,-88.5,-90.6,-89.25,-87.84615385,-91.25,-88,-90.27272727,-91.66666667,-94,NaN,2
Location: 0 - Direction: 2,-56,-58.46153846,-55.33333333,-59.875,-69.11111111,-69.33333333,-73.88888889,-70.55555556,-74.22222222,-81.66666667,-70.57142857,-76.5,-77,-89.5,-77.16666667,-80.14285714,-82,-87.66666667,-78.81818182,-85.5,-88.125,-93,-86,-93.33333333,-88.2,-94,NaN,2
Location: 0 - Direction: 2,-57,-57.4,-56,-60.3,-69.16666667,-71.55555556,-75.45454545,-80.3,-75.42857143,-83.5,-70.33333333,-75.73333333,-79,-90.5,-76.6,-79.375,-82.25,-88,-78.7,-85.14285714,-89.83333333,-93,-87.83333333,-93.33333333,-87.57142857,-94,NaN,2
Location: 0 - Direction: 2,-53.57142857,-57.6,-55.63636364,-59.66666667,-68.9,-70.66666667,-74.77777778,-73.8,-75.11111111,-82,-70.42857143,-74.9,-79.66666667,-91,-77,-80.7,-82.66666667,-87.11111111,-78.66666667,-86.33333333,-88.5,-93,-88.8,-93.33333333,-88.5,-99,NaN,2
Location: 0 - Direction: 2,-56.42857143,-64.85714286,-56.28571429,-72.85714286,-65.83333333,-67,-70.6,-74,-78,-86,-78.14285714,-75.4,-67.2,-76,-76,-81,-85,-87.11111111,-79.75,-87.75,-86.85714286,-88,-89,-93.33333333,-89,-86.5,NaN,2
Location: 0 - Direction: 2,-56.1,-66.8,-56.66666667,-67.84615385,-66.2,-64,-68.5,-72.75,-80.25,-82.33333333,-76,-76.33333333,-68.83333333,-76,-82.8,-79.25,-87,-85,-79,-88,-86.42857143,-86.66666667,-89.5,-93.33333333,-87,-86.8,NaN,2
Location: 0 - Direction: 2,-58.75,-64.125,-56.75,-68.33333333,-74,-63.25,-70,-70.75,-74,-82,-75.5,-77.25,-69,-82,-83.25,-81,-87,-92.66666667,-79.5,-90.5,-88.5,-86.66666667,-89.25,-89.5,-85,-86.8,NaN,2
Location: 0 - Direction: 2,-60,-71,-71.5,-70,-60.5,-70.33333333,-76.72727273,-83.5,-75.75,-81,-72.11111111,-83.5,-72.8,-93.5,-75.4,-90.25,-93,-87,-93.5,-89.625,-87.4,-88.875,-88.4,-90.2,-89,-86.8,NaN,2
Location: 0 - Direction: 2,-62,-68.33333333,-67.33333333,-70.5,-60.16666667,-71,-76.83333333,-81.33333333,-74.8,-81.83333333,-72.22222222,-82.25,-72.85714286,-94.5,-74.85714286,-91.16666667,-93,-87,-90.75,-89.66666667,-87.88888889,-89.14285714,-88.5,-91.33333333,-88,-86.8,NaN,2
Location: 0 - Direction: 2,-58.66666667,-65.71428571,-66.14285714,-69.1,-60.46153846,-71,-76.375,-83,-75.8,-81.16666667,-73.16666667,-81.55555556,-72.5,-93,-74,-92.5,-99,-87.5,-90.75,-90,-88.36363636,-89.22222222,-88,-90.33333333,-89.66666667,-86.8,NaN,2
Location: 0 - Direction: 2,-57.46153846,-62.3,-59.5,-66.61538462,-76.2,-72.8,-75.41666667,-74.57142857,-73.18181818,-86.3,-71.3,-76.28571429,-77.83333333,-90.55555556,-78.63636364,-85.8,-83.16666667,-87.16666667,-78,-86.14285714,-88.85714286,-89,-88.625,-90,-88.5,-95,NaN,2
Location: 0 - Direction: 2,-56,-60.71428571,-54.5,-60.27272727,-76.88888889,-69.71428571,-75.85714286,-70.45454545,-72.77777778,-85,-71.71428571,-74.33333333,-81,-91.2,-77.63636364,-80.33333333,-83.09090909,-87.25,-77.66666667,-84.5,-89.25,-89,-88,-90,-87,-93,NaN,2
Location: 0 - Direction: 2,-55.5,-58.81818182,-57.66666667,-61.4,-80.25,-72,-75.6,-70.55555556,-70.66666667,-84,-71.33333333,-73.16666667,-77.66666667,-90.66666667,-77,-80.66666667,-82.42857143,-86.28571429,-77.5,-85.6,-89.375,-89,-88.14285714,-90,-87.28571429,-92.8,NaN,2
Location: 0 - Direction: 2,-56.83333333,-63.7,-55.25,-69.44444444,-66.83333333,-67.16666667,-69.83333333,-73.22222222,-78,-80.1,-76,-75.11111111,-69.7,-84,-81.83333333,-82.14285714,-85,-86.77777778,-78,-85,-86.25,-88,-88.14285714,-90,-86.2,-88,NaN,2
Location: 0 - Direction: 2,-57.42857143,-63.625,-54.375,-71.7,-64,-65.55555556,-68,-73.5,-78.83333333,-79.77777778,-77.66666667,-76,-66,-75,-82,-83.25,-85.33333333,-87.6,-78,-90,-87.28571429,-87.5,-88.14285714,-90,-86.25,-87.6,NaN,2
Location: 0 - Direction: 2,-57.77777778,-63.125,-54,-73,-64,-66,-70.875,-73,-80.5,-79.85714286,-78.16666667,-75.8,-66,-74.85714286,-82,-83,-86,-87.25,-78.25,-90,-86,-87.83333333,-92,-90,-86.25,-87.25,NaN,2
Location: 0 - Direction: 2,-62.5,-66,-67.66666667,-71.25,-61.77777778,-68.14285714,-75.25,-80.6,-76,-81.2,-77.25,-80.6,-72,-99,-77,-92.5,-94.66666667,-87.66666667,-78,-89.14285714,-87.16666667,-90,-87.33333333,-89.66666667,-88.4,-87,NaN,2
Location: 0 - Direction: 2,-62.9,-67.85714286,-67.7,-70.33333333,-60.55555556,-70.28571429,-76.375,-85.33333333,-74.71428571,-81.5,-72.28571429,-82.875,-72.25,-98,-74.2,-91,-93.75,-87.41666667,-78,-89.71428571,-86.7,-89.16666667,-87.27272727,-89.2,-88.5,-87,NaN,2
Location: 0 - Direction: 2,-60.85714286,-69.27272727,-70.5,-72.25,-60.66666667,-70,-76,-83.14285714,-74.8,-81.375,-71.875,-83,-72,-98,-74.75,-90.75,-94.28571429,-87.33333333,-78,-88.88888889,-86.875,-89.4,-87.66666667,-90,-90.25,-87,NaN,2
Location: 0 - Direction: 2,-60.71428571,-64.875,-60,-68.375,-66.55555556,-71.66666667,-75.16666667,-78.2,-74.5,-84.83333333,-71,-73.75,-79.2,-90.88888889,-75.8,-84.75,-90,-87.44444444,-77.8,-87.2,-88.66666667,-89.5,-88.2,-90.66666667,-90,-91.4,NaN,2
Location: 0 - Direction: 2,-56.8,-61.5,-54.5,-60.66666667,-74.22222222,-70.5,-74.2,-74.4,-73.1,-90.2,-70.8,-73.625,-81.33333333,-91.25,-77,-79.5,-80.66666667,-88.3,-78,-85,-89.875,-89.5,-89,-90.66666667,-87.4,-95,NaN,2
Location: 0 - Direction: 2,-55.5,-60.25,-55.18181818,-61.44444444,-79.83333333,-71.125,-74.09090909,-73.75,-71.81818182,-87.4,-70.75,-73.4,-79.88888889,-93,-77,-80.16666667,-82,-87.8,-77.16666667,-85.5,-89.625,-89.5,-88.22222222,-90.66666667,-86.83333333,-91.66666667,NaN,2
Location: 0 - Direction: 2,-57.16666667,-62.25,-55.4,-71,-72,-70,-69.4,-72.85714286,-76,-83.18181818,-73.42857143,-73.625,-75.44444444,-81.33333333,-76,-82,-83.83333333,-86.75,-77,-86.5,-86.85714286,-87.5,-88.33333333,-93,-85.5,-89.75,NaN,2
Location: 0 - Direction: 2,-58.75,-69,-54.7,-79.66666667,-62.83333333,-61.28571429,-68.28571429,-71.4,-78.2,-82.66666667,-77.85714286,-76,-67.75,-77,-80.2,-81.75,-85,-87,-78,-86.5,-85.33333333,-88,-88,-93,-87,-88,NaN,2
Location: 0 - Direction: 2,-62.625,-65.625,-55.33333333,-68.75,-62.375,-62.16666667,-69.85714286,-79.5,-80.2,-84.6,-78,-78.33333333,-69.16666667,-77.16666667,-80,-81.33333333,-84.25,-86,-80.33333333,-88,-83.2,-89,-83.33333333,-92,-83.75,-87,NaN,2
Location: 0 - Direction: 2,-64.83333333,-61.83333333,-69.66666667,-69,-60.5,-69,-71.75,-73,-79.33333333,-83.77777778,-73,-80.75,-74,-79.75,-75.2,-87.2,-86,-90,-92,-92,-92.6,-94,-88.2,-97.5,-88,-90,NaN,2
Location: 0 - Direction: 2,-56.09090909,-62.6,-65.42857143,-71.83333333,-56,-73.42857143,-77.16666667,-75.09090909,-81,-81.57142857,-72.4,-81.25,-78.66666667,-77.66666667,-74.2,-86.88888889,-84.2,-89.4,-89.14285714,-91.66666667,-94.28571429,-89,-90,-93.14285714,-88,-95,NaN,2
Location: 0 - Direction: 2,-56.15384615,-63.8,-65.33333333,-71.375,-54.66666667,-74.81818182,-74.77777778,-74.76923077,-81.72727273,-80.85714286,-72.81818182,-80.66666667,-78.33333333,-78.66666667,-75.1,-88.5,-83.28571429,-90,-90.66666667,-90.33333333,-94.85714286,-89.5,-90,-93.2,-93,-97.5,NaN,2
Location: 0 - Direction: 3,-57.54545455,-69.42857143,-63.45454545,-68.5,-64,-72,-84.8,-72.66666667,-78,-89,-73.42857143,-77.5,-78.5,-85.2,-80.16666667,-90.8,-87,-89,-85.83333333,-87,-91.16666667,-89.5,-88,-92.14285714,-88.2,-93.4,NaN,3
Location: 0 - Direction: 3,-57.7,-76.33333333,-62,-68.16666667,-68,-68.66666667,-81,-71.66666667,-71.5,-77.16666667,-73.25,-85.33333333,-77,-83.2,-76.33333333,-83.66666667,-86,-89,-82.66666667,-90.66666667,-91.5,-84,-89.75,-84.66666667,-90,-90.8,NaN,3
Location: 0 - Direction: 3,-54.28571429,-62.14285714,-59.83333333,-69,-58.85714286,-67.66666667,-77.58333333,-76.83333333,-71.7,-75,-71.77777778,-80.5,-71.6,-79.57142857,-78,-79.75,-85,-84.16666667,-79.7,-90.66666667,-89.83333333,-84.25,-91.5,-83.75,-91.5,-89.33333333,NaN,3
Location: 0 - Direction: 3,-53,-60,-58,-69,-58.5,-67,-80.42857143,-70,-71.375,-76.2,-70.33333333,-81,-69.71428571,-77.57142857,-76.75,-81.4,-81.5,-84.66666667,-78,-86.33333333,-92.5,-86.16666667,-93.33333333,-83.6,-95,-90,NaN,3
Location: 0 - Direction: 3,-58.57142857,-56.66666667,-58.75,-68.8,-59,-68.6,-79.33333333,-69,-70.71428571,-75,-68,-81.25,-71,-76.75,-79,-77.25,-82.33333333,-88.33333333,-66,-89,-86.66666667,-85,-86.5,-83.85714286,-86.16666667,-87,NaN,3
Location: 0 - Direction: 3,-62.33333333,-55.125,-60,-71.33333333,-59.85714286,-71.33333333,-71.33333333,-66,-72,-71.2,-67,-86.66666667,-70.2,-75.5,-83.4,-70,-81.16666667,-88,-87.66666667,-86.75,-83.33333333,-90.5,-80.8,-83.2,-82,-89,NaN,3
Location: 0 - Direction: 3,-65.83333333,-55.3,-57.11111111,-70.5,-61.375,-69.14285714,-72,-66.07142857,-73,-73.6,-67.25,-84.5,-69.375,-77.75,-79,-69.8,-84.66666667,-87,-86.75,-86.2,-81,-90.5,-79,-82.88888889,-82.66666667,-89,NaN,3
Location: 0 - Direction: 3,-65,-60,-57.8,-68.8,-61,-68.33333333,-70.5,-67,-73,-78.66666667,-66,-83,-68.66666667,-76.75,-78.25,-70,-79,-87,-93,-86.2,-81,-97.5,-81,-82,-88,-95,NaN,3
Location: 0 - Direction: 3,-60.25,-72.5,-62.71428571,-66.14285714,-65.22222222,-73.8,-77.66666667,-82.5,-78.4,-83.45454545,-72.11111111,-79.75,-78.11111111,-84,-77.4,-90.28571429,-92.2,-94.14285714,-88.2,-91,-89.6,-90.85714286,-86.90909091,-88.6,-85.625,-89.14285714,NaN,3
Location: 0 - Direction: 3,-59.375,-72.33333333,-62.66666667,-66.45454545,-65.5,-74,-78.375,-91,-77.30769231,-80,-72,-80.7,-78,-83.28571429,-77.42857143,-90,-94.33333333,-92,-88.875,-90.5,-94,-92.25,-87.35714286,-90.71428571,-85.55555556,-89.77777778,NaN,3
Location: 0 - Direction: 3,-58.33333333,-69.41666667,-60.88888889,-66.71428571,-63.28571429,-72.71428571,-77.8,-78.66666667,-76.28571429,-77.71428571,-71.83333333,-82.33333333,-75.11111111,-80.33333333,-77.57142857,-85.66666667,-89,-86.75,-86.11111111,-89.57142857,-93.75,-87.8,-86.33333333,-88.33333333,-86.66666667,-88.28571429,NaN,3
Location: 0 - Direction: 3,-54.625,-61.26666667,-59.28571429,-70.1,-58.375,-66.16666667,-81.33333333,-73.46153846,-71.6,-74.5,-70.84615385,-82.33333333,-70.61538462,-81.125,-77.5,-78.11111111,-83.4,-83.4,-78,-89.33333333,-89,-86.15384615,-87,-84.58333333,-86.66666667,-87.27272727,NaN,3
Location: 0 - Direction: 3,-54.9,-59.875,-59,-67.8,-60.36363636,-68,-82.28571429,-75.9,-68.77777778,-75,-70.42857143,-82,-71,-81.25,-79,-77.5,-85.57142857,-84.625,-79,-89,-84.5,-86.5,-89.2,-84.9,-90.5,-89.125,NaN,3
Location: 0 - Direction: 3,-54.5,-61.5,-58.66666667,-71.5,-58.25,-68,-79.75,-66,-69.83333333,-75.4,-69.33333333,-85.28571429,-71,-79,-76,-79.5,-81.6,-85.66666667,-77.75,-89,-93.5,-86.5,-87.25,-84.9,-90.5,-88,NaN,3
Location: 0 - Direction: 3,-65.375,-55.5,-58,-68.5,-61.2,-69.25,-71.33333333,-66.6,-71,-73.2,-65.92307692,-82.83333333,-68.125,-77.83333333,-78.66666667,-70,-80.1,-89.33333333,-77.75,-86.33333333,-80.3,-86.5,-79.2,-82.33333333,-85.33333333,-88,NaN,3
Location: 0 - Direction: 3,-65.2,-55,-58,-68.44444444,-61.7,-69.83333333,-71.92307692,-66.66666667,-73.25,-72.54545455,-66,-83.5,-68.2,-77.66666667,-79.5,-69.88888889,-81.4,-89.33333333,-77.75,-89.5,-82.18181818,-86.5,-79.625,-82,-84,-88,NaN,3
Location: 0 - Direction: 3,-62.2,-55,-57.8,-69.14285714,-65.8,-69.5,-71,-68.66666667,-73.5,-72.5,-66,-83.5,-71,-79.25,-78,-70.33333333,-80.83333333,-92,-90,-87,-82,-86.5,-80,-82,-84.71428571,-95.5,NaN,3
Location: 0 - Direction: 3,-58.83333333,-73.66666667,-62.2,-66,-67.14285714,-75.5,-75.4,-83.75,-79.66666667,-81.625,-72.2,-79.75,-78.5,-84.375,-76,-70.33333333,-96,-93,-89,-92.75,-91.16666667,-92,-84,-92,-88.7,-91,NaN,3
Location: 0 - Direction: 3,-59.2,-73.5,-62.1,-66,-67.55555556,-76.66666667,-76.5,-82,-79.6,-81.5,-71.6,-80.2,-77.66666667,-84.125,-76,-88.22222222,-95.25,-92.5,-89.66666667,-93.66666667,-91.5,-92.33333333,-84,-87.5,-88.66666667,-91,NaN,3
Location: 0 - Direction: 3,-59.4,-72.66666667,-61.77777778,-65.66666667,-66.33333333,-75.4,-75.25,-83.4,-78.8,-82,-72.83333333,-80.5,-78.4,-84,-76,-86.66666667,-97.5,-84,-88.5,-95,-91.5,-86,-83.75,-87.5,-86.5,-91.66666667,NaN,3
Location: 0 - Direction: 3,-55.15384615,-61.2,-59.2,-71.66666667,-58.54545455,-66.18181818,-77.71428571,-73.71428571,-71.14285714,-74.4,-70.16666667,-82.42857143,-71.5,-79,-78.4,-79.55555556,-85.625,-83.25,-78.71428571,-89,-90.5,-86.5,-83.75,-84.33333333,-86.5,-88.5,NaN,3
Location: 0 - Direction: 3,-54.9,-60.90909091,-59.27272727,-70,-59.2,-66.27272727,-77.22222222,-72.2,-71,-75,-69.8,-83.75,-75.33333333,-80.33333333,-77.625,-78.8,-86.8,-83.7,-78.75,-87.8,-91.375,-85.71428571,-83.75,-82.375,-98,-88.28571429,NaN,3
Location: 0 - Direction: 3,-54.75,-62,-59,-71.5,-58.4,-68.6,-77,-72.42857143,-70,-74.5,-68,-82,-71,-80,-78.2,-79,-85.75,-83,-78,-88.5,-90.85714286,-86.28571429,-102,-83,-98.5,-88.28571429,NaN,3
Location: 0 - Direction: 3,-65.71428571,-55,-58.25,-68.25,-61.33333333,-68.8,-71.125,-66.2,-73.08333333,-73.125,-65.57142857,-85.5,-68,-77.33333333,-81.8,-70.4,-81,-83,-78,-89,-82,-86.28571429,-79.5,-82.75,-84.2,-88.28571429,NaN,3
Location: 0 - Direction: 3,-65.5,-55.33333333,-57.88888889,-69.33333333,-61.85714286,-68.5,-71.66666667,-66,-72.57142857,-73.3,-65.85714286,-83.66666667,-68,-78.25,-81,-70.33333333,-80.2,-83,-87.33333333,-86.16666667,-82.33333333,-86.28571429,-80.33333333,-83.42857143,-84.25,-88.28571429,NaN,3
Location: 0 - Direction: 3,-60.66666667,-55.6,-61.42857143,-69,-61.8,-69.25,-71,-66.55555556,-72.25,-73.66666667,-65,-85.33333333,-68.5,-79.5,-82,-70,-80,-83,-88.66666667,-87,-82,-96,-81,-82,-84.25,-88.28571429,NaN,3
Location: 0 - Direction: 3,-60,-69.875,-61.66666667,-65,-65.5,-73.44444444,-74.75,-85,-80,-79.33333333,-72.14285714,-80,-78.75,-86,-76.5,-84.4,-96.5,-93,-89.66666667,-96,-93.57142857,-91,-83.2,-90.4,-88.5,-87.8,NaN,3
Location: 0 - Direction: 3,-59.72727273,-68.42857143,-61.75,-65.4,-66,-73.44444444,-77.375,-81.2,-78.57142857,-80.16666667,-72.72727273,-80.5,-80.1,-85.83333333,-76.85714286,-88,-96.5,-95,-89,-94,-92.6,-90.33333333,-83.85714286,-90.66666667,-89.2,-92.5,NaN,3
Location: 0 - Direction: 3,-60,-68.5,-61.28571429,-65.75,-66,-73.44444444,-77.66666667,-81.8,-78.66666667,-80.16666667,-72,-81,-79.5,-85.6,-76.83333333,-87,-96.5,-95,-88,-94,-92.6,-90.5,-84.6,-90,-88.5,-92.25,NaN,3
Location: 0 - Direction: 3,-56.25,-59.22222222,-65.28571429,-71.66666667,-59,-66,-79,-79.16666667,-69.75,-77.71428571,-69,-79,-70.5,-78,-77.16666667,-79.71428571,-85.75,-83.75,-78,-87.8,-90,-85.5,-92.66666667,-85,-93.33333333,-90,NaN,3
Location: 0 - Direction: 3,-61.14285714,-58.28571429,-65.09090909,-70.85714286,-58.125,-65.875,-79,-76.33333333,-70,-78.5,-69,-79.8,-71.83333333,-78.85714286,-77.16666667,-78.16666667,-84,-84,-77.66666667,-87.8,-90,-86,-92.66666667,-84.5,-93.33333333,-88.66666667,NaN,3
Location: 0 - Direction: 3,-55.83333333,-61.66666667,-59.28571429,-69.85714286,-58.125,-64.66666667,-78.6,-73.57142857,-70.6,-76.71428571,-69,-80.33333333,-71,-79,-78.5,-78.66666667,-83.5,-84.14285714,-78,-88.33333333,-88,-85.66666667,-97,-83.33333333,-91.8,-88.66666667,NaN,3
Location: 0 - Direction: 3,-61.33333333,-57.7,-58.28571429,-69,-61.28571429,-68.55555556,-72.8,-66.88888889,-72.5,-72.875,-64.6,-84.33333333,-68.11111111,-78.85714286,-81.75,-70.33333333,-81.83333333,-85.42857143,-90,-89.2,-81.85714286,-96,-83.18181818,-82.83333333,-91.8,-89,NaN,3
Location: 0 - Direction: 3,-63.57142857,-56,-59.18181818,-71.66666667,-62.16666667,-68.90909091,-71.5,-67.25,-73.875,-72.625,-65.33333333,-83.5,-68,-78.875,-81.5,-70,-80.33333333,-87.5,-88,-90,-80.77777778,-96,-81,-84,-84,-89,NaN,3
Location: 0 - Direction: 3,-64,-56.42857143,-59.22222222,-71.83333333,-61.3,-69.7,-71,-66.33333333,-72.75,-71,-64,-82.5,-68,-79,-81.4,-70.75,-81.33333333,-88,-88,-88,-83,-98,-80.25,-82.5,-84.375,-95,NaN,3
Location: 0 - Direction: 3,-59.3,-69.625,-61.625,-67.55555556,-67,-79.22222222,-74.66666667,-78.22222222,-77.5,-82.66666667,-70.55555556,-80.375,-77,-85.85714286,-77.5,-86.75,-80,-91.25,-86.57142857,-93,-93.5,-90.5,-83.4,-87.66666667,-88.2,-90.8,NaN,3
Location: 0 - Direction: 3,-59,-70.5,-62,-66.53333333,-66.25,-74.75,-75.7,-79.42857143,-78.75,-84.33333333,-71.66666667,-78.57142857,-80,-84.83333333,-76.28571429,-88.125,-94,-92.11111111,-90.54545455,-92,-92.25,-90.85714286,-84.44444444,-90.4,-90,-90.5,NaN,3
Location: 0 - Direction: 3,-59,-71.83333333,-62,-66.2,-65.66666667,-79.8,-74,-78,-76.75,-84,-71.2,-79.16666667,-79.5,-89,-76.44444444,-86,-100,-92.75,-89.33333333,-92,-91.6,-91.33333333,-86.25,-90.33333333,-88,-90.66666667,NaN,3
Location: 0 - Direction: 3,-56.57142857,-62.66666667,-59.57142857,-70.28571429,-60,-65.6,-77.85714286,-76.66666667,-71.28571429,-77.5,-69.66666667,-79.83333333,-70,-81.5,-78.4,-82.16666667,-85.5,-84,-79.625,-90.33333333,-92.57142857,-85.66666667,-86.25,-84.22222222,-92,-91,NaN,3
Location: 0 - Direction: 3,-56.5,-60.5,-60.64285714,-70.125,-59.5,-67.11111111,-79,-73.2,-70.4,-75.66666667,-70.42857143,-78.57142857,-71.5,-80.5,-80.83333333,-79.125,-82.6,-84.14285714,-78.5,-87.33333333,-93.66666667,-85.22222222,-86.25,-84.16666667,-92,-92,NaN,3
Location: 0 - Direction: 3,-56.33333333,-62,-60.4,-71.22222222,-59.75,-66.5,-79.44444444,-73.25,-70.28571429,-76.2,-70,-79.2,-71.45454545,-80.5,-78.25,-79.6,-82,-84.25,-78,-87,-92.57142857,-84.85714286,-97,-86,-92.5,-89.75,NaN,3
Location: 0 - Direction: 3,-61.11111111,-57.4,-59.3,-68.66666667,-61,-66.6,-75,-72.14285714,-73.8,-74,-65.72727273,-81.9,-68.55555556,-79.66666667,-82.57142857,-73,-80.75,-87,-78.5,-87.6,-84.5,-87,-80.5,-82.66666667,-83.66666667,-89.75,NaN,3
Location: 0 - Direction: 3,-63,-56.33333333,-59.2,-70.375,-61.25,-70.66666667,-71.71428571,-67.5,-72.9,-72.55555556,-64.83333333,-85.16666667,-67.875,-79.6,-81.5,-70.6,-79.4,-88,-78.5,-87.4,-83.375,-87,-81.5,-82.16666667,-82.25,-93,NaN,3
Location: 0 - Direction: 3,-62.5,-57.25,-59,-69.2,-60.5,-69,-71.2,-66.75,-73,-72.5,-64,-85,-67.25,-80,-82.66666667,-70,-79.75,-92.5,-91.83333333,-86,-84.25,-87,-81,-82,-83,-95.66666667,NaN,3
Location: 0 - Direction: 3,-59.5,-67.28571429,-61.16666667,-67.4,-64.4,-73,-74.42857143,-76.5,-76.83333333,-77.2,-67.5,-79.28571429,-76.75,-81,-79.625,-87,-90.75,-90.66666667,-88.33333333,-86,-91.4,-90.71428571,-82.71428571,-82,-86.5,-91,NaN,3
Location: 0 - Direction: 3,-62,-67.6,-62,-66.57142857,-65.6,-74.4,-76.25,-78.14285714,-79.75,-81.33333333,-71.14285714,-79.83333333,-78.33333333,-84,-76.33333333,-88.2,-90.75,-90.66666667,-89.2,-93.33333333,-93.2,-92.71428571,-84,-90.5,-86.5,-91.4,NaN,3
Location: 0 - Direction: 3,-62.71428571,-67.6,-62,-67,-65,-74.6,-76.75,-77.625,-78,-81.66666667,-71,-79.66666667,-78.88888889,-84,-75.57142857,-89.33333333,-100,-92.66666667,-89,-93,-93.33333333,-92.2,-82.8,-91.5,-86,-91.5,NaN,3
Location: 0 - Direction: 3,-58.5,-61,-60,-68.6,-61.25,-73,-79,-76.33333333,-71.75,-79.2,-69,-80,-74.5,-81,-76.2,-84,-82,-84,-85,-86.5,-90.33333333,-84.66666667,-85.4,-83,-87,-90,NaN,3
Location: 0 - Direction: 3,-58.22222222,-60.83333333,-61.28571429,-71.375,-59.22222222,-66.7,-79.4,-75.25,-69.63636364,-76.42857143,-69.85714286,-81.25,-74.33333333,-77.5,-78.16666667,-78.5,-82.75,-85.71428571,-78.14285714,-86.1,-87,-84.83333333,-99,-84.5,-88,-88.4,NaN,3
Location: 0 - Direction: 3,-55,-60.875,-59.77777778,-68.83333333,-59,-66.75,-80,-75.33333333,-69.8,-75.66666667,-69.71428571,-79.75,-73.25,-77,-78.6,-78.57142857,-83,-84.5,-78.42857143,-86.14285714,-88,-85.25,-99,-84.2,-90,-89.5,NaN,3
Location: 0 - Direction: 3,-58,-56.5,-60.2,-68,-60.5,-67.66666667,-77,-72.66666667,-69.5,-74,-67.8,-82,-70.2,-75,-80,-75.66666667,-81.75,-85.5,-79,-87.25,-81,-85.25,-83.5,-84,-86.33333333,-97,NaN,3
Location: 0 - Direction: 3,-62.6,-54,-60.5,-69,-60.5,-70,-71,-67.5,-73.33333333,-74,-65,-80.5,-69,-75,-84.5,-70,-80.66666667,-90.5,-86,-87.5,-82,-85.25,-81.8,-83.33333333,-84.66666667,-97,NaN,3
Location: 0 - Direction: 3,-65,-54.5,-60.4,-69,-61,-73,-71.66666667,-67.57142857,-73,-72.75,-65,-80.55555556,-69,-76.33333333,-82,-70,-80,-91,-86.25,-87,-82,-85.25,-81.25,-83.75,-86,-95.5,NaN,3
Location: 0 - Direction: 3,-60.63636364,-63.28571429,-61.66666667,-67.83333333,-64.14285714,-77,-73.8,-75.8,-79.875,-76.71428571,-65,-79.25,-73.66666667,-84.83333333,-79,-86.83333333,-79.66666667,-92.5,-87.4,-94,-94,-92,-83.5,-88.8,-88,-91.8,NaN,3
Location: 0 - Direction: 3,-60.2,-67.88888889,-62,-66.2,-65.6,-77.875,-78.16666667,-79,-80.33333333,-80.4,-71.9,-79.75,-79.66666667,-84,-76.125,-88,-79.66666667,-92.625,-88.5,-94.2,-93.42857143,-91.5,-83.5,-89.875,-87.625,-90.66666667,NaN,3
Location: 0 - Direction: 3,-61,-68.5,-61.75,-66.28571429,-64.8,-77.2,-77.875,-80,-79.25,-80.4,-72,-79,-78.33333333,-81,-77,-90.5,-79.66666667,-91.75,-88.66666667,-92.25,-93.16666667,-90.75,-83.83333333,-90.71428571,-88,-91.33333333,NaN,3
Location: 0 - Direction: 3,-59.375,-65.8,-59,-68.57142857,-61.75,-73,-79,-76.5,-75.14285714,-80.75,-69.8,-79.83333333,-76.14285714,-83.33333333,-76.6,-85.2,-83.33333333,-89,-82.75,-87,-89.5,-84.33333333,-83.83333333,-87.66666667,-91,-89,NaN,3
Location: 0 - Direction: 3,-54.90909091,-61.125,-59.5,-70.33333333,-58.54545455,-67.5,-81,-76,-69.3,-79.42857143,-68,-80.6,-73.375,-80,-76.41666667,-81,-83,-84,-78,-86.66666667,-88.5,-84.9,-83.83333333,-85.5,-92.33333333,-89.66666667,NaN,3
Location: 0 - Direction: 3,-55,-61.2,-59.15384615,-70.33333333,-58.875,-67.375,-82.6,-75.57142857,-70.14285714,-77.33333333,-67.875,-81.83333333,-73.375,-79,-75.625,-81.83333333,-83,-85,-78.8,-86,-87.83333333,-85.875,-83.83333333,-84.71428571,-94.33333333,-89,NaN,3
Location: 0 - Direction: 3,-61.5,-58,-58.625,-69.33333333,-58.2,-68.75,-72,-73,-74,-75.25,-67,-82.33333333,-70.25,-76.33333333,-77.71428571,-74.33333333,-82,-85,-78.8,-87.4,-86.71428571,-85.875,-80,-86,-94.33333333,-89,NaN,3
Location: 0 - Direction: 3,-62,-55,-58.9,-70.66666667,-62,-67.44444444,-71.42857143,-67,-71.125,-72.5,-65.33333333,-82.5,-68.83333333,-78.57142857,-80.66666667,-71,-80.8,-89,-85.625,-88.75,-82.36363636,-98,-79.85714286,-84,-85.5,-89,NaN,3
Location: 0 - Direction: 3,-62.33333333,-55,-58.875,-70.625,-62,-67,-72.25,-67,-71.66666667,-71.875,-64.6,-93.25,-68.33333333,-78.16666667,-80.2,-71,-80,-89,-86,-88.66666667,-82.5,-101,-79.83333333,-83.25,-85.5,-99,NaN,3
Location: 0 - Direction: 3,-61,-63.6,-61,-70.42857143,-62.6,-67.25,-71.4,-67,-73,-72.66666667,-69.85714286,-85.16666667,-72,-78.2,-79,-82.66666667,-80,-92,-86,-88,-84.66666667,-95.33333333,-82.4,-87.66666667,-89,-99,NaN,3
Location: 0 - Direction: 3,-60.71428571,-68,-63,-67.8,-64.5,-75.88888889,-74.83333333,-78.66666667,-78.875,-81.36363636,-73.57142857,-80,-82,-84.11111111,-76.77777778,-90.66666667,-80,-92.33333333,-89,-92.25,-92,-90.15384615,-84,-88.5,-89.6,-91.28571429,NaN,3
Location: 0 - Direction: 3,-61.83333333,-68.1,-63,-68,-65.1,-75.66666667,-75.22222222,-78.53846154,-77.83333333,-80.16666667,-72.875,-80.14285714,-81.6,-85.14285714,-76.7,-89,-100,-91.5,-88.42857143,-92.25,-92,-90,-84,-89.66666667,-89,-90.66666667,NaN,3
Location: 0 - Direction: 3,-59.75,-63.25,-62,-69,-64.11111111,-72,-78,-79,-76.25,-79.66666667,-71.5,-79.66666667,-78.77777778,-81.33333333,-75.85714286,-84.33333333,-100,-88.66666667,-85,-92.25,-91,-86.75,-83,-87.5,-89.66666667,-90.66666667,NaN,3
Location: 0 - Direction: 3,-56.6,-61.54545455,-59.4,-72.11111111,-59.38461538,-67.11111111,-76.92307692,-79.77777778,-69.5,-76,-68.5,-77.83333333,-72.2,-78.5,-76.44444444,-80.14285714,-82.66666667,-85.3,-78.33333333,-88.38461538,-90.16666667,-85.6,-98,-86,-91.33333333,-88.33333333,NaN,3
Location: 0 - Direction: 3,-56.6,-60.5,-60,-76.25,-59.22222222,-66.27272727,-78.22222222,-81.71428571,-69.5,-76,-67.5,-79.71428571,-71.75,-79.5,-76.66666667,-80,-83.4,-84,-78.83333333,-88.4,-87.75,-87,-98,-85.57142857,-91.33333333,-88.2,NaN,3
Location: 0 - Direction: 3,-56.2,-64.2,-59.4,-74.16666667,-59,-66.33333333,-79.25,-78,-69,-74,-67.25,-78,-71.33333333,-78,-76,-80.75,-82.66666667,-84.42857143,-78.83333333,-87.5,-81,-87,-98,-86,-89.5,-89.66666667,NaN,3
Location: 0 - Direction: 3,-62,-55,-59.57142857,-72.25,-61.5,-67.77777778,-74.625,-66,-71.77777778,-72.5,-65,-81.14285714,-69,-79.33333333,-81.6,-71,-80.6,-84.42857143,-85.66666667,-88.4,-81.28571429,-97,-80.42857143,-82.77777778,-86.33333333,-89.66666667,NaN,3
Location: 0 - Direction: 3,-62,-55,-59.75,-72.85714286,-61.77777778,-68,-70.85714286,-66,-72.14285714,-72,-65.5,-80.33333333,-68,-79,-82.5,-71,-79.75,-84.42857143,-85,-88,-81.6,-97,-80,-83.66666667,-86.75,-89.66666667,NaN,3
Location: 0 - Direction: 3,-62,-55,-60.3,-72.5,-62.75,-68,-70,-67.71428571,-73.71428571,-72,-66.5,-80,-72,-79.5,-81.66666667,-71,-80,-90.66666667,-86,-89,-93,-92.5,-80.33333333,-83,-92,-96,NaN,3
Location: 0 - Direction: 3,-60.77777778,-67.25,-62.91666667,-66.75,-66,-73.2,-78,-78.22222222,-79.57142857,-78.18181818,-72.28571429,-81.8,-78.75,-80.88888889,-76.36363636,-88,-80,-92.25,-90.42857143,-92.75,-94.5,-90.83333333,-83.88888889,-89.4,-88.9,-92.4,NaN,3
Location: 0 - Direction: 3,-61,-67.83333333,-63.375,-67,-65.28571429,-74,-77.57142857,-78.54545455,-79.11111111,-78.25,-73.6,-82,-79.4,-81.3,-76.71428571,-88.2,-80,-92.25,-89.2,-95.25,-91.33333333,-89.6,-83.71428571,-89.23076923,-88.5,-91.85714286,NaN,3
Location: 0 - Direction: 3,-60.8,-65.33333333,-63,-67.16666667,-65,-74,-77.25,-78.25,-76.66666667,-78.5,-72.33333333,-85.16666667,-77.5,-81,-76,-87.75,-80,-90,-88,-93.5,-91,-88,-82,-88.33333333,-88,-91,NaN,3
Location: 0 - Direction: 3,-56.90909091,-62.71428571,-58.14285714,-71.71428571,-57.57142857,-68,-76,-75,-69.8,-74,-68.11111111,-76.9,-72,-77,-76.125,-80.2,-83.75,-84.71428571,-78,-88,-91,-85.4,-93.5,-83.25,-92,-89.375,NaN,3
Location: 0 - Direction: 3,-57.33333333,-62,-57.88888889,-71.44444444,-58,-67.64285714,-76.25,-74.63636364,-69.72727273,-74.1,-68.72727273,-77.75,-72,-76.5,-76.5,-80.08333333,-83.57142857,-83.90909091,-78.25,-87.88888889,-91.83333333,-84.5,-93.5,-83.90909091,-90.25,-89.22222222,NaN,3
Location: 0 - Direction: 3,-58.1,-60.5,-59,-75.71428571,-58.25,-67.72727273,-76.6,-75.09090909,-69.625,-76.83333333,-69.33333333,-79.16666667,-71.90909091,-78,-76,-81,-84.4,-84.8,-79.1,-88.57142857,-92.7,-85.1,-93.5,-85.14285714,-90.75,-89.83333333,NaN,3
Location: 0 - Direction: 3,-59,-54.36363636,-58.25,-70,-62.75,-66,-71.625,-67,-71.36363636,-73.5,-66.11111111,-82.71428571,-69,-77.14285714,-79.83333333,-70.36363636,-80.66666667,-84.8,-87.14285714,-87.28571429,-83,-85.1,-79.5,-82.09090909,-88,-89.83333333,NaN,3
Location: 0 - Direction: 3,-58.33333333,-54.375,-58,-70.71428571,-62.42857143,-65.88888889,-72.2,-66.6,-72.375,-73,-66.375,-78.5,-70.375,-76.36363636,-82,-70.85714286,-82.16666667,-84.8,-88.66666667,-88.66666667,-81.57142857,-85.1,-79.7,-82.71428571,-86,-89.83333333,NaN,3
Location: 0 - Direction: 3,-58.83333333,-54.16666667,-58,-70.75,-62.44444444,-65.77777778,-73.28571429,-67.09090909,-71,-73.54545455,-66,-80.5,-70.14285714,-74.5,-79.5,-70.5,-82,-84.8,-89,-86.75,-82.16666667,-94,-80.25,-83.5,-86.66666667,-89.83333333,NaN,3
Location: 0 - Direction: 3,-60.90909091,-66,-61.6,-66.45454545,-65.66666667,-73.09090909,-76.33333333,-81.55555556,-78.57142857,-79.25,-72.8,-81.6,-79,-87.33333333,-75.77777778,-87.66666667,-82,-93,-89,-93.5,-89.58333333,-92.6,-83.33333333,-89.83333333,-89.77777778,-91.2,NaN,3
Location: 0 - Direction: 3,-59.7,-66.57142857,-62.33333333,-66.5,-65.8,-74.14285714,-76.5,-84.69230769,-78.33333333,-79.7,-72.66666667,-81,-78.57142857,-87.6,-75.83333333,-85.2,-82,-93.2,-90.33333333,-95,-92.28571429,-94.33333333,-84,-90.625,-91.66666667,-92.625,NaN,3
Location: 0 - Direction: 3,-59.6,-67.33333333,-61.5,-67,-64.75,-73.5,-76.75,-82.55555556,-78.2,-80.4,-72.41666667,-81.6,-79,-84.42857143,-76,-85.44444444,-82,-93.28571429,-89.4,-93,-94.66666667,-93.33333333,-83.33333333,-89.4,-90,-91.66666667,NaN,3
Location: 0 - Direction: 3,-57,-62,-58.5,-77.14285714,-58.8,-68.27272727,-77.7,-75.66666667,-67.875,-76.5,-70.85714286,-77.625,-72.5,-77.55555556,-76.81818182,-81.625,-83.85714286,-87.08333333,-78,-89.58333333,-90.5,-85.2,-83,-86.55555556,-90.5,-90.22222222,NaN,3
Location: 0 - Direction: 3,-56.25,-61.28571429,-58,-78.66666667,-59,-67,-77.7,-74,-67.71428571,-75.66666667,-70.2,-78,-70.66666667,-78.375,-77.2,-79.5,-83,-85.66666667,-78.16666667,-90,-92.42857143,-84.5,-83,-85.25,-91.4,-89.2,NaN,3
Location: 0 - Direction: 3,-56.66666667,-60.75,-58.57142857,-83.125,-59.375,-66.5,-77.875,-75.25,-68.25,-75.5,-70.15384615,-80,-71,-78.42857143,-77.09090909,-79.75,-85,-85.09090909,-79.36363636,-89.72727273,-91.71428571,-84.8,-83,-86.66666667,-91.4,-89.4,NaN,3
Location: 0 - Direction: 3,-61.375,-57.69230769,-57.88888889,-70.14285714,-62.45454545,-66,-72,-69.45454545,-72.44444444,-73.16666667,-66.33333333,-80.33333333,-68.85714286,-78.8,-78.09090909,-71.66666667,-82.4,-85.33333333,-84.5,-86.5,-84.66666667,-87,-80,-82.71428571,-91.4,-89,NaN,3
Location: 0 - Direction: 3,-61,-53.92307692,-57,-67.85714286,-62.9,-67.72727273,-71.23076923,-67.33333333,-73.16666667,-72.75,-65.5,-82.14285714,-68,-79.8,-78,-70.88888889,-81.25,-91,-88,-86,-80.75,-97,-80.5,-82.4,-85,-89,NaN,3
Location: 0 - Direction: 3,-60.83333333,-54.125,-57.25,-67.16666667,-62.5,-66,-72.6,-67,-73,-72.25,-64.25,-81.5,-69.14285714,-80.14285714,-78,-70.44444444,-80.25,-90,-86.66666667,-86.33333333,-80.2,-97,-79,-81.5,-84.5,-94,NaN,3
Location: 0 - Direction: 3,-60.09090909,-69,-60.66666667,-67.75,-64.63636364,-69.66666667,-76.75,-70.75,-74.88888889,-76.83333333,-68.85714286,-82.14285714,-75.75,-79.75,-76.5,-79.4,-94,-92.4,-88,-87,-88,-94.5,-82.36363636,-86.16666667,-85.42857143,-93.75,NaN,3
Location: 0 - Direction: 3,-60.14285714,-68.55555556,-66.57142857,-68,-64.875,-69.72727273,-75.5,-83.2,-77.25,-80.25,-72.9,-81.25,-80.16666667,-81.66666667,-75.6,-89.5,-94.25,-92.57142857,-87.66666667,-90.5,-88.25,-94.5,-83.27272727,-87.83333333,-86,-94.33333333,NaN,3
Location: 0 - Direction: 3,-61.5,-67.72727273,-61.55555556,-68.7,-64.625,-70.14285714,-74.42857143,-81.4,-77.22222222,-79.66666667,-72.875,-81.33333333,-78.2,-80.66666667,-75.57142857,-87.14285714,-94,-94.33333333,-87.33333333,-92.2,-91,-93,-83.28571429,-87,-88.11111111,-94,NaN,3
Location: 0 - Direction: 3,-57,-64.42857143,-59.66666667,-68.33333333,-61.6,-69.2,-79.85714286,-79,-71.53846154,-78.125,-71,-78.72727273,-74.85714286,-79.57142857,-77.75,-81.5,-88.33333333,-90,-78.33333333,-88.6,-90.4,-89,-87.66666667,-85.75,-90,-89.88888889,NaN,3
Location: 0 - Direction: 3,-55.11111111,-62,-60.5,-67.42857143,-58.44444444,-67.22222222,-82.14285714,-75.375,-68.75,-76.63636364,-69.28571429,-78.125,-69.66666667,-77,-79.125,-79.28571429,-83.6,-85.4,-78.14285714,-88.6,-90,-84,-90.6,-83.75,-98,-88.5,NaN,3
Location: 0 - Direction: 3,-54.66666667,-63,-61.14285714,-70.5,-58.25,-65.57142857,-76.55555556,-74.6,-69,-79.4,-71.27272727,-82.25,-70.25,-78.6,-79,-81.75,-85,-85.16666667,-78.25,-88,-88.5,-84.75,-92.5,-86.6,-93,-88.5,NaN,3
Location: 0 - Direction: 3,-58.7,-61.07142857,-62.92307692,-74,-59.16666667,-67.33333333,-77,-68,-70.16666667,-74.77777778,-69.66666667,-79.22222222,-68.77777778,-78,-77.83333333,-75.36363636,-82,-85.33333333,-84.8,-87.16666667,-85.57142857,-87,-80.71428571,-85.33333333,-83.28571429,-88.33333333,NaN,3
Location: 0 - Direction: 3,-64.57142857,-56,-60.22222222,-67.33333333,-62.1,-70,-68.63636364,-67.42857143,-72.33333333,-73.8,-68.125,-77.75,-71.5,-79,-80.66666667,-73.25,-86,-89,-87,-85.81818182,-82.8,-97,-80,-84.14285714,-83,-88.33333333,NaN,3
Location: 0 - Direction: 3,-65.66666667,-54.4,-60.33333333,-70.5,-59.33333333,-69.4,-67.57142857,-68.42857143,-73.33333333,-70,-67,-82.5,-71.8,-79.5,-83,-74,-83.66666667,-85,-86,-85.42857143,-83.5,-97,-81,-84.5,-88,-88.33333333,NaN,3
